Province_State,Country_Region,Last_Update,Lat,Long_,Confirmed,Deaths,Recovered,Active,FIPS,Incident_Rate,People_Tested,People_Hospitalized,Mortality_Rate,UID,ISO3,Testing_Rate,Hospitalization_Rate,Cases_28_Days,Deaths_28_Days
Australian Capital Territory,Australia,2022-11-10 19:32:59,-35.4735,149.0124,209414,128,,,,48917.07544966129,,,0.0611229430697088,3601,AUS,,,3129,2
New South Wales,Australia,2022-11-10 19:32:59,-33.8688,151.2093,3561735,5454,,,,43874.53806356245,,,0.1531276189834448,3602,AUS,,,43102,99
Northern Territory,Australia,2022-11-10 19:32:59,-12.4634,130.8456,98763,77,,,,40212.94788273616,,,0.0779644198738394,3603,AUS,,,1052,4
Queensland,Australia,2022-11-10 19:32:59,-27.4698,153.0251,1668438,2288,,,,32615.34551852214,,,0.1371342537151515,3604,AUS,,,19079,73
South Australia,Australia,2022-11-10 19:32:59,-34.9285,138.6007,784599,1061,,,,44668.317677198975,,,0.1352283140814607,3605,AUS,,,12918,34
Tasmania,Australia,2022-11-10 19:32:59,-42.8821,147.3272,253950,198,,,,47422.96918767507,,,0.0779681039574719,3606,AUS,,,3618,10
Victoria,Australia,2022-11-10 19:32:59,-37.8136,144.9631,2671457,5897,,,,40294.07683373807,,,0.2207409664463998,3607,AUS,,,43332,150
Western Australia,Australia,2022-11-10 19:32:59,-31.9505,115.8605,1181640,714,,,,44919.02987911504,,,0.0604244947699807,3608,AUS,,,22379,46
Antwerp,Belgium,2022-11-10 19:32:59,51.2195,4.4024,744957,0,,,,39843.0254635696,,,0.0,5601,BEL,,,7122,0
Brussels,Belgium,2022-11-10 19:32:59,50.8503,4.3517,496111,0,,,,40723.08342670459,,,0.0,5602,BEL,,,3681,0
East Flanders,Belgium,2022-11-10 19:32:59,51.0362,3.7373,625507,0,,,,41009.99505000803,,,0.0,5603,BEL,,,6154,0
Flemish Brabant,Belgium,2022-11-10 19:32:59,50.9167,4.5833,451719,0,,,,39081.345822918855,,,0.0,5604,BEL,,,4070,0
Hainaut,Belgium,2022-11-10 19:32:59,50.5257,4.0621,507515,0,,,,37681.90727926108,,,0.0,5605,BEL,,,5041,0
Liege,Belgium,2022-11-10 19:32:59,50.4496,5.8492,411866,0,,,,37111.73184357542,,,0.0,5606,BEL,,,3553,0
Limburg,Belgium,2022-11-10 19:32:59,50.9739,5.342,341779,0,,,,38954.94489212077,,,0.0,5607,BEL,,,3962,0
Luxembourg,Belgium,2022-11-10 19:32:59,50.0547,5.4677,120783,0,,,,42121.06628724473,,,0.0,5608,BEL,,,1513,0
Namur,Belgium,2022-11-10 19:32:59,50.331,4.8221,198843,0,,,,40102.89775569145,,,0.0,5609,BEL,,,2065,0
Unknown,Belgium,2022-11-10 19:32:59,,,62075,32959,,,,,,,53.09544905356424,5610,BEL,,,531,213
Walloon Brabant,Belgium,2022-11-10 19:32:59,50.4,4.35,169966,0,,,,41861.58775820836,,,0.0,5611,BEL,,,1689,0
West Flanders,Belgium,2022-11-10 19:32:59,51.0536,3.1458,488600,0,,,,40684.6275224927,,,0.0,5612,BEL,,,4821,0
Acre,Brazil,2022-11-10 19:32:59,-9.0238,-70.812,149937,2029,,,,17000.912765680012,,,1.353235025377325,7601,BRA,,,181,0
Alagoas,Brazil,2022-11-10 19:32:59,-9.5713,-36.782,321639,7129,,,,9637.536529655054,,,2.21646006858621,7602,BRA,,,363,2
Amapa,Brazil,2022-11-10 19:32:59,0.902,-52.003,178516,2164,,,,21107.89364466952,,,1.2122162719308074,7603,BRA,,,205,0
Amazonas,Brazil,2022-11-10 19:32:59,-3.4168,-65.8561,620028,14361,,,,14959.910456915351,,,2.316185720644874,7604,BRA,,,3384,22
Bahia,Brazil,2022-11-10 19:32:59,-12.5797,-41.7007,1704535,30797,,,,11460.550428613768,,,1.8067684148462777,7605,BRA,,,4526,75
Ceara,Brazil,2022-11-10 19:32:59,-5.4984,-39.3206,1386756,28010,,,,15185.5470354064,,,2.0198217999417345,7606,BRA,,,1495,281
Distrito Federal,Brazil,2022-11-10 19:32:59,-15.7998,-47.8645,843265,11832,,,,27966.50248004489,,,1.4031176439197643,7607,BRA,,,3642,1
Espirito Santo,Brazil,2022-11-10 19:32:59,-19.1834,-40.3089,1217718,14835,,,,30301.668470755103,,,1.2182623563090962,7608,BRA,,,1837,12
Goias,Brazil,2022-11-10 19:32:59,-15.827,-49.8362,1729007,27584,,,,24635.505704044,,,1.5953665890305824,7609,BRA,,,16563,37
Maranhao,Brazil,2022-11-10 19:32:59,-4.9609,-45.2744,474759,10997,,,,6710.202890922508,,,2.3163331290191445,7610,BRA,,,1774,4
Mato Grosso,Brazil,2022-11-10 19:32:59,-12.6819,-56.9211,832667,14957,,,,23896.54541040148,,,1.7962763025315045,7611,BRA,,,1223,7
Mato Grosso do Sul,Brazil,2022-11-10 19:32:59,-20.7722,-54.7852,582378,10845,,,,20956.49276390741,,,1.8621925965609964,7612,BRA,,,885,7
Minas Gerais,Brazil,2022-11-10 19:32:59,-18.5122,-44.555,3884466,63889,,,,18349.96623094819,,,1.644730575579758,7613,BRA,,,2698,69
Para,Brazil,2022-11-10 19:32:59,-1.9981,-54.9306,845801,18890,,,,9831.62004750743,,,2.233385867361235,7614,BRA,,,4300,20
Paraiba,Brazil,2022-11-10 19:32:59,-7.24,-36.782,654637,10406,,,,16292.09330615981,,,1.5895832346781498,7615,BRA,,,1179,2
Parana,Brazil,2022-11-10 19:32:59,-25.2521,-52.0215,2754530,45454,,,,24090.785018694754,,,1.650154472813874,7616,BRA,,,4173,83
Pernambuco,Brazil,2022-11-10 19:32:59,-8.8137,-36.9541,1066414,22414,,,,11158.376870905322,,,2.1018103663305245,7617,BRA,,,5623,83
Piaui,Brazil,2022-11-10 19:32:59,-7.7183,-42.7289,404893,7959,,,,12369.84174944176,,,1.9657045194656368,7618,BRA,,,1196,3
Rio Grande do Norte,Brazil,2022-11-10 19:32:59,-5.4026,-36.9541,557592,8484,,,,15900.06766750702,,,1.5215426333232902,7620,BRA,,,311,14
Rio Grande do Sul,Brazil,2022-11-10 19:32:59,-30.0346,-51.2177,2748115,41204,,,,24154.49829259981,,,1.4993550124357968,7621,BRA,,,9494,63
Rio de Janeiro,Brazil,2022-11-10 19:32:59,-22.9068,-43.1729,2540145,75884,,,,14712.733195817676,,,2.9873885152225563,7619,BRA,,,16022,119
Rondonia,Brazil,2022-11-10 19:32:59,-11.5057,-63.5806,457703,7361,,,,25753.801572676504,,,1.6082481434467328,7622,BRA,,,585,0
Roraima,Brazil,2022-11-10 19:32:59,-2.7376,-62.0751,175634,2175,,,,28993.94315579907,,,1.2383707027113202,7623,BRA,,,457,2
Santa Catarina,Brazil,2022-11-10 19:32:59,-27.2423,-50.2189,1886824,22413,,,,26334.68010498008,,,1.1878691388279987,7624,BRA,,,7495,0
Sao Paulo,Brazil,2022-11-10 19:32:59,-23.5505,-46.6333,6149751,175673,,,,13392.592255122703,,,2.856587201660685,7625,BRA,,,34044,521
Sergipe,Brazil,2022-11-10 19:32:59,-10.5741,-37.3857,342918,6443,,,,14917.936082022155,,,1.878874833050467,7626,BRA,,,14,4
Tocantins,Brazil,2022-11-10 19:32:59,-10.1753,-48.2982,344864,4206,,,,21925.834750067712,,,1.2196112090563236,7627,BRA,,,284,1
Alberta,Canada,2022-11-10 19:32:59,53.9333,-116.5765,615359,5093,,,,13850.455976856449,,,0.8276469508043273,12401,CAN,,,5332,142
British Columbia,Canada,2022-11-10 19:32:59,53.7267,-127.6476,387936,4525,,,,7439.12763756267,,,1.1664295141466634,12402,CAN,,,2337,204
Diamond Princess,Canada,2022-11-10 19:32:59,,,0,1,,,,,,,,12413,CAN,,,0,0
Grand Princess,Canada,2022-11-10 19:32:59,,,13,0,,,,,,,0.0,12414,CAN,,,0,0
Manitoba,Canada,2022-11-10 19:32:59,53.7609,-98.8139,152072,2256,,,,10989.7273019624,,,1.4835078120890104,12403,CAN,,,1517,55
New Brunswick,Canada,2022-11-10 19:32:59,46.5653,-66.4619,80715,592,,,,10227.121543286135,,,0.733444836771356,12404,CAN,,,2659,102
Newfoundland and Labrador,Canada,2022-11-10 19:32:59,53.1355,-57.6604,52802,257,,,,10143.443607087078,,,0.4867239877277375,12405,CAN,,,847,14
Northwest Territories,Canada,2022-11-10 19:32:59,64.8255,-124.8457,11511,22,,,,25296.677215189877,,,0.1911215359221614,12406,CAN,,,0,0
Nova Scotia,Canada,2022-11-10 19:32:59,44.682,-63.7443,130534,598,,,,13157.93983196496,,,0.4581181914290529,12407,CAN,,,3936,54
Nunavut,Canada,2022-11-10 19:32:59,70.2998,-83.1076,3531,7,,,,8961.246605588407,,,0.1982441234777683,12416,CAN,,,0,0
Ontario,Canada,2022-11-10 19:32:59,51.2538,-85.3232,1523998,15005,,,,10279.034330670764,,,0.9845813445949404,12408,CAN,,,37881,411
Prince Edward Island,Canada,2022-11-10 19:32:59,46.5107,-63.4168,53888,69,,,,32794.946384449664,,,0.128043349168646,12409,CAN,,,1522,8
Quebec,Canada,2022-11-10 19:32:59,52.9399,-73.5491,1235376,17152,,,,14357.332998624555,,,1.388403206796959,12410,CAN,,,24195,275
Repatriated Travellers,Canada,2022-11-10 19:32:59,,,13,0,,,,,,,0.0,,,,,0,0
Saskatchewan,Canada,2022-11-10 19:32:59,52.9399,-106.4509,146888,1604,,,,12449.78149653683,,,1.09198845378792,12411,CAN,,,3141,97
Yukon,Canada,2022-11-10 19:32:59,64.2823,-135.0,4984,32,,,,11594.47261899223,,,0.6420545746388443,12412,CAN,,,55,1
Antofagasta,Chile,2022-11-10 19:32:59,-23.6509,-70.3975,169927,1903,,,,27969.957236961225,,,1.1198926597892036,15201,CHL,,,3378,11
Araucania,Chile,2022-11-10 19:32:59,-38.9489,-72.3311,277219,2773,,,,28960.72392668801,,,1.0002921877649078,15202,CHL,,,9218,28
Arica y Parinacota,Chile,2022-11-10 19:32:59,-18.594,-69.4785,73732,867,,,,32614.96540863811,,,1.1758802148320946,15203,CHL,,,938,2
Atacama,Chile,2022-11-10 19:32:59,-27.5661,-70.0503,104964,686,,,,36326.762279195966,,,0.6535574101596738,15204,CHL,,,2739,4
Aysen,Chile,2022-11-10 19:32:59,-45.9864,-73.7669,33066,203,,,,32053.742802303263,,,0.6139236678158834,15205,CHL,,,1217,2
Biobio,Chile,2022-11-10 19:32:59,-37.4464,-72.1416,476358,4616,,,,30598.437183847687,,,0.9690190990809432,15206,CHL,,,17867,50
Coquimbo,Chile,2022-11-10 19:32:59,-29.959,-71.3389,193042,1861,,,,25481.19949418284,,,0.9640389138115022,15207,CHL,,,4569,18
Los Lagos,Chile,2022-11-10 19:32:59,-41.9198,-72.1416,230398,2459,,,,27802.072623891647,,,1.06728357016988,15208,CHL,,,3687,15
Los Rios,Chile,2022-11-10 19:32:59,-40.231,-72.3311,136794,1341,,,,35545.95841875911,,,0.9803061537786744,15209,CHL,,,4438,17
Magallanes,Chile,2022-11-10 19:32:59,-52.368,-70.9863,63910,751,,,,38376.77817609723,,,1.1750899702706932,15210,CHL,,,1423,1
Maule,Chile,2022-11-10 19:32:59,-35.5183,-71.6885,324424,3189,,,,31046.84434661945,,,0.9829728996621704,15211,CHL,,,10796,38
Metropolitana,Chile,2022-11-10 19:32:59,-33.4376,-70.6505,1831561,29992,,,,25750.181925338067,,,1.6375102985922936,15212,CHL,,,61278,228
Nuble,Chile,2022-11-10 19:32:59,-36.7226,-71.7622,143577,1226,,,,29873.972397520647,,,0.853897211948989,15213,CHL,,,7175,23
OHiggins,Chile,2022-11-10 19:32:59,-34.5755,-71.0022,205271,2720,,,,22444.90489910393,,,1.3250775803693653,15214,CHL,,,5634,24
Tarapaca,Chile,2022-11-10 19:32:59,-19.9232,-69.5132,104565,1149,,,,31632.8753199136,,,1.0988380433223357,15215,CHL,,,1375,3
Unknown,Chile,2022-11-10 19:32:59,,,42,2,,,,,,,4.761904761904762,15217,CHL,,,0,0
Valparaiso,Chile,2022-11-10 19:32:59,-33.0472,-71.6127,450149,6185,,,,24789.27827603032,,,1.3739895012540293,15216,CHL,,,15841,56
Anhui,China,2022-11-10 19:32:59,31.8257,117.2264,1539,6,,,,2.521827531543286,,,0.3898635477582846,15601,CHN,,,27,0
Beijing,China,2022-11-10 19:32:59,40.1824,116.4142,5107,9,,,,23.326989628465046,,,0.1762287056980614,15602,CHN,,,743,0
Chongqing,China,2022-11-10 19:32:59,30.0572,107.874,1920,6,,,,5.989862345164008,,,0.3125,15603,CHN,,,587,0
Fujian,China,2022-11-10 19:32:59,26.0789,117.9874,5354,1,,,,12.888755213458152,,,0.0186776242062009,15604,CHN,,,802,0
Gansu,China,2022-11-10 19:32:59,35.7518,104.2861,1408,2,,,,5.627536013332784,,,0.1420454545454545,15605,CHN,,,50,0
Guangdong,China,2022-11-10 19:32:59,23.3417,113.4244,14779,8,,,,11.728200636587587,,,0.0541308613573313,15606,CHN,,,4088,0
Guangxi,China,2022-11-10 19:32:59,23.8298,108.7881,2348,2,,,,4.6841206951873495,,,0.0851788756388415,15607,CHN,,,13,0
Guizhou,China,2022-11-10 19:32:59,26.8154,106.8748,962,2,,,,2.494674311192416,,,0.2079002079002079,15608,CHN,,,24,0
Hainan,China,2022-11-10 19:32:59,19.1959,109.7453,8983,6,,,,89.10617273761778,,,0.0667928309028164,15609,CHN,,,4,0
Hebei,China,2022-11-10 19:32:59,37.8957,114.9042,2038,7,,,,2.731528723907652,,,0.3434739941118744,15610,CHN,,,5,0
Heilongjiang,China,2022-11-10 19:32:59,47.862,127.7615,3571,13,,,,11.211899948282715,,,0.3640436852422291,15611,CHN,,,149,0
Henan,China,2022-11-10 19:32:59,33.882,113.614,4148,22,,,,4.174486322564269,,,0.5303760848601736,15612,CHN,,,573,0
Hong Kong,China,2022-11-10 19:32:59,22.3,114.2,1968307,10501,,,,26254.637195631098,,,0.5335041738915728,344,HKG,,,146478,246
Hubei,China,2022-11-10 19:32:59,30.9756,112.2707,68444,4512,,,,118.512501533049,,,6.592250599029864,15613,CHN,,,14,0
Hunan,China,2022-11-10 19:32:59,27.6104,111.7088,1816,4,,,,2.7330931101010307,,,0.2202643171806167,15614,CHN,,,285,0
Inner Mongolia,China,2022-11-10 19:32:59,44.0935,113.9448,5586,1,,,,23.227427325409145,,,0.0179018976011457,15615,CHN,,,1584,0
Jiangsu,China,2022-11-10 19:32:59,32.9711,119.455,2775,0,,,,3.274412937289293,,,0.0,15616,CHN,,,258,0
Jiangxi,China,2022-11-10 19:32:59,27.614,115.7221,1504,1,,,,3.328270482168802,,,0.0664893617021276,15617,CHN,,,6,0
Jilin,China,2022-11-10 19:32:59,43.6661,126.1923,40329,5,,,,167.52478342014334,,,0.0123980262342235,15618,CHN,,,0,0
Liaoning,China,2022-11-10 19:32:59,41.2956,122.6085,2055,2,,,,4.824916913404622,,,0.097323600973236,15619,CHN,,,71,0
Macau,China,2022-11-10 19:32:59,22.1667,113.55,795,6,,,,122.43163078932211,,,0.7547169811320755,446,MAC,,,2,0
Ningxia,China,2022-11-10 19:32:59,37.2692,106.1655,225,0,,,,3.1238485147280435,,,0.0,15620,CHN,,,17,0
Qinghai,China,2022-11-10 19:32:59,35.7452,95.9956,291,0,,,,4.912257128132429,,,0.0,15621,CHN,,,52,0
Shaanxi,China,2022-11-10 19:32:59,35.1917,108.8701,4218,3,,,,10.670647136802025,,,0.0711237553342816,15622,CHN,,,385,0
Shandong,China,2022-11-10 19:32:59,36.3427,118.1498,3247,7,,,,3.198149765462943,,,0.2155836156452109,15623,CHN,,,106,0
Shanghai,China,2022-11-10 19:32:59,31.202,121.4491,64326,595,,,,258.639666968157,,,0.9249759039890556,15624,CHN,,,109,0
Shanxi,China,2022-11-10 19:32:59,37.5777,112.2922,1675,0,,,,4.797280391673456,,,0.0,15625,CHN,,,961,0
Sichuan,China,2022-11-10 19:32:59,30.6171,102.7103,6514,3,,,,7.784894450861744,,,0.0460546515198035,15626,CHN,,,466,0
Tianjin,China,2022-11-10 19:32:59,39.3054,117.323,2506,3,,,,18.072972547472023,,,0.1197126895450917,15627,CHN,,,93,0
Tibet,China,2022-11-10 19:32:59,31.6927,88.0924,1463,0,,,,40.10306735012746,,,0.0,15628,CHN,,,25,0
Unknown,China,2022-11-10 19:32:59,,,815954,0,,,,,,,0.0,15699,CHN,,,62567,0
Xinjiang,China,2022-11-10 19:32:59,41.1129,85.2401,2061,3,,,,7.972197493109426,,,0.1455604075691411,15629,CHN,,,522,0
Yunnan,China,2022-11-10 19:32:59,24.974,101.487,2764,2,,,,5.854781465939417,,,0.0723589001447178,15630,CHN,,,179,0
Zhejiang,China,2022-11-10 19:32:59,29.1832,120.0934,3590,1,,,,5.560065214144285,,,0.0278551532033426,15631,CHN,,,127,0
Amazonas,Colombia,2022-11-10 19:32:59,-1.4429,-71.5724,7817,265,,,,10206.426510334382,,,3.390047332736344,17001,COL,,,3,0
Antioquia,Colombia,2022-11-10 19:32:59,7.1986,-75.3412,943813,18508,,,,14730.731616259582,,,1.960981677514508,17002,COL,,,237,3
Arauca,Colombia,2022-11-10 19:32:59,7.0762,-70.7105,17000,558,,,,6484.243288808196,,,3.2823529411764705,17003,COL,,,15,3
Atlantico,Colombia,2022-11-10 19:32:59,10.6966,-74.8741,416090,10205,,,,16410.45987859675,,,2.452594390636641,17004,COL,,,192,1
Bolivar,Colombia,2022-11-10 19:32:59,8.6704,-74.03,202869,3266,,,,9799.914014231128,,,1.6099058998664162,17005,COL,,,15,0
Boyaca,Colombia,2022-11-10 19:32:59,5.4545,-73.362,129313,2869,,,,10622.272822858344,,,2.218647777098977,17006,COL,,,9,0
Caldas,Colombia,2022-11-10 19:32:59,5.2983,-75.2479,119330,2563,,,,11953.859484800978,,,2.1478253582502305,17007,COL,,,7,0
Capital District,Colombia,2022-11-10 19:32:59,4.711,-74.0721,1854713,29843,,,,25021.200485769707,,,1.6090360071881742,17008,COL,,,1024,16
Caqueta,Colombia,2022-11-10 19:32:59,0.8699,-73.8419,25591,1041,,,,6374.022700497399,,,4.067836348716345,17009,COL,,,2,1
Casanare,Colombia,2022-11-10 19:32:59,5.7589,-71.5724,42860,1025,,,,10192.53086772064,,,2.391507232851143,17010,COL,,,29,0
Cauca,Colombia,2022-11-10 19:32:59,2.705,-76.826,76172,1845,,,,5201.271707245126,,,2.4221498713438008,17011,COL,,,16,0
Cesar,Colombia,2022-11-10 19:32:59,9.3373,-73.6536,108930,2684,,,,9073.16000513088,,,2.463967685669696,17012,COL,,,91,2
Choco,Colombia,2022-11-10 19:32:59,5.2528,-76.826,18832,429,,,,3521.145194885813,,,2.27803738317757,17013,COL,,,1,0
Cordoba,Colombia,2022-11-10 19:32:59,8.0493,-75.574,122010,3951,,,,6836.1251760017885,,,3.2382591590853207,17014,COL,,,47,0
Cundinamarca,Colombia,2022-11-10 19:32:59,5.026,-74.03,327787,7364,,,,11229.19707028975,,,2.246580858911427,17015,COL,,,64,2
Guainia,Colombia,2022-11-10 19:32:59,2.5854,-68.5247,2792,37,,,,5802.884815230495,,,1.325214899713467,17016,COL,,,0,0
Guaviare,Colombia,2022-11-10 19:32:59,1.0654,-73.2603,5658,105,,,,6836.057849142774,,,1.855779427359491,17017,COL,,,0,0
Huila,Colombia,2022-11-10 19:32:59,2.5359,-75.5277,103018,3582,,,,9361.98752074272,,,3.4770622609641038,17018,COL,,,7,2
La Guajira,Colombia,2022-11-10 19:32:59,11.3548,-72.5205,57909,1543,,,,6576.38321068411,,,2.6645253760209986,17019,COL,,,19,0
Magdalena,Colombia,2022-11-10 19:32:59,10.4113,-74.4057,117443,3645,,,,8752.997959375321,,,3.1036332518753778,17020,COL,,,35,2
Meta,Colombia,2022-11-10 19:32:59,3.272,-73.0877,107413,2596,,,,10330.934615214452,,,2.4168396748996863,17021,COL,,,16,3
Narino,Colombia,2022-11-10 19:32:59,1.2892,-77.3579,107689,3385,,,,6604.288503807206,,,3.1433108302612154,17022,COL,,,16,0
Norte de Santander,Colombia,2022-11-10 19:32:59,7.9463,-72.8988,124379,5176,,,,8338.13214416678,,,4.1614742038447,17023,COL,,,22,0
Putumayo,Colombia,2022-11-10 19:32:59,0.436,-75.5277,21778,788,,,,6254.774801684177,,,3.618330425199743,17024,COL,,,11,0
Quindio,Colombia,2022-11-10 19:32:59,4.461,-75.6674,72708,2076,,,,13466.838549075392,,,2.8552566430103976,17025,COL,,,13,0
Risaralda,Colombia,2022-11-10 19:32:59,5.3158,-75.9928,109486,2498,,,,11605.457276386182,,,2.2815702464242005,17026,COL,,,16,1
San Andres y Providencia,Colombia,2022-11-10 19:32:59,12.5567,-81.7185,10334,156,,,,16863.577023498696,,,1.509580027095026,17027,COL,,,1,0
Santander,Colombia,2022-11-10 19:32:59,6.6437,-73.6536,293422,8304,,,,13429.92635148526,,,2.8300536428761305,17028,COL,,,65,1
Sucre,Colombia,2022-11-10 19:32:59,8.814,-74.7233,66917,1741,,,,7395.263150333255,,,2.601730501965121,17029,COL,,,3,0
Tolima,Colombia,2022-11-10 19:32:59,4.0925,-75.1545,126897,4077,,,,9539.78651121985,,,3.2128419111562923,17030,COL,,,17,0
Unknown,Colombia,2022-11-10 19:32:59,,,0,300,,,,,,,,17034,COL,,,0,0
Valle del Cauca,Colombia,2022-11-10 19:32:59,3.8009,-76.6413,563941,15339,,,,12599.538951617624,,,2.719965386450001,17031,COL,,,250,6
Vaupes,Colombia,2022-11-10 19:32:59,0.8554,-70.812,1953,22,,,,4787.116699757336,,,1.1264720942140296,17032,COL,,,2,0
Vichada,Colombia,2022-11-10 19:32:59,4.4234,-69.2878,3468,64,,,,3216.8299198575246,,,1.845444059976932,17033,COL,,,0,0
Faroe Islands,Denmark,2022-11-10 19:32:59,61.8926,-6.9118,34658,28,,,,70926.02066919062,,,0.0807894281262623,234,FRO,,,0,0
Greenland,Denmark,2022-11-10 19:32:59,71.7069,-42.6043,11971,21,,,,21086.09878108927,,,0.1754239411912121,304,GRL,,,0,0
French Guiana,France,2022-11-10 19:32:59,4.0,-53.0,94259,411,,,,31558.31285447399,,,0.4360326334885793,254,GUF,,,186,1
French Polynesia,France,2022-11-10 19:32:59,-17.6797,-149.4068,76797,649,,,,27339.233332384018,,,0.845085094469836,258,PYF,,,94,0
Guadeloupe,France,2022-11-10 19:32:59,16.265,-61.551,196270,993,,,,49051.92601349072,,,0.5059357008202986,312,GLP,,,2585,2
Martinique,France,2022-11-10 19:32:59,14.6415,-61.0242,223728,1047,,,,59618.66947357201,,,0.467978974468998,474,MTQ,,,898,0
Mayotte,France,2022-11-10 19:32:59,-12.8275,45.166244,40339,187,,,,14786.318833779917,,,0.4635712337935992,175,MYT,,,62,0
New Caledonia,France,2022-11-10 19:32:59,-20.904305,165.618042,74577,314,,,,26122.364627956747,,,0.4210413398232699,540,NCL,,,262,0
Reunion,France,2022-11-10 19:32:59,-21.1151,55.5364,478346,899,,,,53428.09401904149,,,0.1879392740819407,638,REU,,,1419,5
Saint Barthelemy,France,2022-11-10 19:32:59,17.9,-62.8333,5323,6,,,,53849.26656550329,,,0.1127183918842757,652,BLM,,,21,0
Saint Pierre and Miquelon,France,2022-11-10 19:32:59,46.8852,-56.3159,3231,1,,,,55754.96117342536,,,0.0309501702259362,666,SPM,,,0,0
St Martin,France,2022-11-10 19:32:59,18.0708,-63.0501,12026,63,,,,31107.892082050752,,,0.5238649592549476,663,MAF,,,34,0
Wallis and Futuna,France,2022-11-10 19:32:59,-14.2938,-178.1165,3415,7,,,,22336.320230230885,,,0.2049780380673499,876,WLF,,,2654,0
Baden-Wurttemberg,Germany,2022-11-10 19:32:59,48.6616,9.3501,4846894,17871,,,,43653.74429334373,,,0.3687103534758548,27601,DEU,,,190299,460
Bayern,Germany,2022-11-10 19:32:59,48.7904,11.4979,6493369,26732,,,,49416.1230479058,,,0.4116815169444398,27602,DEU,,,214070,687
Berlin,Germany,2022-11-10 19:32:59,52.52,13.405,1342787,5007,,,,36647.23663842135,,,0.3728811792190422,27603,DEU,,,48993,153
Brandenburg,Germany,2022-11-10 19:32:59,52.4125,12.5316,1039337,6086,,,,41063.130982892224,,,0.5855656057659835,27604,DEU,,,49972,130
Bremen,Germany,2022-11-10 19:32:59,53.0793,8.8017,280504,872,,,,41242.7036007822,,,0.3108690072155833,27605,DEU,,,12292,26
Hamburg,Germany,2022-11-10 19:32:59,53.5511,9.9937,766263,3191,,,,41364.21593130931,,,0.4164366542557842,27606,DEU,,,25950,105
Hessen,Germany,2022-11-10 19:32:59,50.6521,9.1624,2757354,11499,,,,43815.13625759039,,,0.4170302398603879,27607,DEU,,,138432,324
Mecklenburg-Vorpommern,Germany,2022-11-10 19:32:59,53.6127,12.4296,661354,2551,,,,41058.149684561584,,,0.3857238332269858,27608,DEU,,,34107,62
Niedersachsen,Germany,2022-11-10 19:32:59,52.6367,9.8451,3514145,11438,,,,43908.03632596611,,,0.3254845773296207,27609,DEU,,,178559,489
Nordrhein-Westfalen,Germany,2022-11-10 19:32:59,51.4332,7.6616,7395536,28453,,,,41256.90842745865,,,0.3847320870319609,27610,DEU,,,385793,762
Rheinland-Pfalz,Germany,2022-11-10 19:32:59,50.1183,7.309,1663801,6447,,,,40596.44382392993,,,0.3874862438476716,27611,DEU,,,84050,206
Saarland,Germany,2022-11-10 19:32:59,49.3964,7.023,463793,1945,,,,47133.86606178308,,,0.4193681232791353,27612,DEU,,,24346,75
Sachsen,Germany,2022-11-10 19:32:59,51.1045,13.2017,1879406,16268,,,,46325.69219024876,,,0.8655926393764839,27613,DEU,,,62219,190
Sachsen-Anhalt,Germany,2022-11-10 19:32:59,51.9503,11.6923,911845,5912,,,,41814.63247311394,,,0.6483558060854641,27614,DEU,,,39631,139
Schleswig-Holstein,Germany,2022-11-10 19:32:59,54.2194,9.6961,1100192,3063,,,,37795.92047064886,,,0.2784059509612867,27615,DEU,,,51427,124
Thuringen,Germany,2022-11-10 19:32:59,51.011,10.8453,854742,7852,,,,40313.51212152226,,,0.9186397766811506,27616,DEU,,,28053,160
Unknown,Germany,2022-11-10 19:32:59,,,0,0,,,,,,,,27617,DEU,,,0,0
Andaman and Nicobar Islands,India,2022-11-10 19:32:59,11.225999,92.968178,10740,129,,,,2575.317238799528,,,1.2011173184357542,35601,IND,,,21,0
Andhra Pradesh,India,2022-11-10 19:32:59,15.9129,79.74,2339006,14733,,,,4339.25560121976,,,0.6298829502788792,35602,IND,,,413,0
Arunachal Pradesh,India,2022-11-10 19:32:59,27.768456,96.384277,66884,296,,,,4258.884987691488,,,0.4425572633215717,35603,IND,,,18,0
Assam,India,2022-11-10 19:32:59,26.357149,92.830441,746079,8035,,,,2095.3132328694896,,,1.0769636995546048,35604,IND,,,265,0
Bihar,India,2022-11-10 19:32:59,25.679658,85.60484,851280,12302,,,,682.1157890750673,,,1.445117940043229,35605,IND,,,490,0
Chandigarh,India,2022-11-10 19:32:59,30.733839,76.768278,99318,1181,,,,8573.182111279244,,,1.1891097283473289,35606,IND,,,65,0
Chhattisgarh,India,2022-11-10 19:32:59,21.264705,82.035366,1177653,14144,,,,4000.692208183853,,,1.2010329018819634,35607,IND,,,713,7
Dadra and Nagar Haveli and Daman and Diu,India,2022-11-10 19:32:59,20.194742,73.080901,11591,4,,,,1882.499301635148,,,0.0345095332585626,35608,IND,,,2,0
Delhi,India,2022-11-10 19:32:59,28.646519,77.10898,2006644,26513,,,,10724.45280889953,,,1.3212607717163585,35609,IND,,,2162,7
Goa,India,2022-11-10 19:32:59,15.359682,74.057396,258884,4013,,,,16320.504334121357,,,1.5501151094698784,35610,IND,,,445,47
Gujarat,India,2022-11-10 19:32:59,22.694884,71.590923,1277127,11040,,,,1999.4974668166133,,,0.8644402631844758,35611,IND,,,1261,3
Haryana,India,2022-11-10 19:32:59,29.20004,76.332824,1056354,10712,,,,3745.313013877265,,,1.0140540008368406,35612,IND,,,917,4
Himachal Pradesh,India,2022-11-10 19:32:59,31.927213,77.233081,312495,4211,,,,4193.463326066784,,,1.3475415606649706,35613,IND,,,131,1
Jammu and Kashmir,India,2022-11-10 19:32:59,33.75943,76.612638,479314,4785,,,,3522.730613420822,,,0.998301739569468,35614,IND,,,79,0
Jharkhand,India,2022-11-10 19:32:59,23.654536,85.557631,442554,5331,,,,1146.6927405301992,,,1.204598760829187,35615,IND,,,105,1
Karnataka,India,2022-11-10 19:32:59,14.70518,76.166436,4070096,40300,,,,6024.1773099429465,,,0.9901486353147444,35616,IND,,,3473,12
Kerala,India,2022-11-10 19:32:59,10.450898,76.405749,6823702,71422,,,,19114.309430542096,,,1.046675250472544,35617,IND,,,8165,144
Ladakh,India,2022-11-10 19:32:59,34.1526,77.5771,29395,231,,,,10716.798705015512,,,0.7858479333219935,35618,IND,,,27,0
Lakshadweep,India,2022-11-10 19:32:59,13.6999972,72.1833326,11415,52,,,,17717.17704760279,,,0.4555409548839246,35637,IND,,,0,0
Madhya Pradesh,India,2022-11-10 19:32:59,23.541513,78.289633,1054836,10776,,,,1235.7647494905775,,,1.0215806058951344,35619,IND,,,332,3
Maharashtra,India,2022-11-10 19:32:59,19.449759,76.108221,8133812,148398,,,,6605.110497144474,,,1.824458199919054,35620,IND,,,7558,28
Manipur,India,2022-11-10 19:32:59,24.738975,93.882541,139897,2149,,,,4525.148429021735,,,1.5361301528982036,35621,IND,,,57,0
Meghalaya,India,2022-11-10 19:32:59,25.536934,91.278882,96770,1624,,,,2874.3194394527595,,,1.6782060555957423,35622,IND,,,40,2
Mizoram,India,2022-11-10 19:32:59,23.309381,92.83822,238883,726,,,,19276.51051770273,,,0.3039144685892256,35623,IND,,,237,3
Nagaland,India,2022-11-10 19:32:59,26.06702,94.470302,35985,782,,,,1599.5501612440798,,,2.173127692093928,35624,IND,,,18,1
Odisha,India,2022-11-10 19:32:59,20.505428,84.418059,1336304,9204,,,,2882.6783412165423,,,0.6887654306205774,35625,IND,,,1108,5
Puducherry,India,2022-11-10 19:32:59,11.882658,78.86498,175452,1975,,,,12412.224044280254,,,1.1256639992704558,35626,IND,,,504,1
Punjab,India,2022-11-10 19:32:59,30.841465,75.40879,784037,19289,,,,2601.198691247409,,,2.4602155255428,35627,IND,,,-831,1371
Rajasthan,India,2022-11-10 19:32:59,26.583423,73.847973,1314797,9647,,,,1622.551363191218,,,0.7337254344206748,35628,IND,,,1102,2
Sikkim,India,2022-11-10 19:32:59,27.571671,88.472712,44302,499,,,,6418.244957269168,,,1.126359983747912,35629,IND,,,68,1
Tamil Nadu,India,2022-11-10 19:32:59,11.006091,78.400624,3593119,38048,,,,4615.956469464969,,,1.0589128832081542,35630,IND,,,4949,0
Telangana,India,2022-11-10 19:32:59,18.1124,79.0193,840702,4111,,,,2135.781632230202,,,0.4889961008775999,35631,IND,,,1803,0
Tripura,India,2022-11-10 19:32:59,23.746783,91.743565,108026,940,,,,2590.679539564784,,,0.8701608871938237,35632,IND,,,162,1
Unknown,India,2022-11-10 19:32:59,,,0,0,,,,,,,,35636,IND,,,0,0
Uttar Pradesh,India,2022-11-10 19:32:59,26.925425,80.560982,2127828,23631,,,,894.4861380749695,,,1.1105690873510452,35633,IND,,,1036,6
Uttarakhand,India,2022-11-10 19:32:59,30.156447,79.197608,449200,7751,,,,3992.584387786247,,,1.7255120213713269,35634,IND,,,190,0
West Bengal,India,2022-11-10 19:32:59,23.814082,87.979803,2118264,21530,,,,2126.572454783666,,,1.0163983337298843,35635,IND,,,1889,12
Abruzzo,Italy,2022-11-10 19:32:59,42.35122196,13.39843823,590221,3720,,,,45000.762439195474,,,0.6302723894947825,38013,ITA,,,17652,35
Basilicata,Italy,2022-11-10 19:32:59,40.63947052,15.80514834,189424,990,,,,33653.30121218259,,,0.5226370470478926,38017,ITA,,,3247,4
Calabria,Italy,2022-11-10 19:32:59,38.90597598,16.59440194,582921,3067,,,,29937.431020306285,,,0.526143336747175,38018,ITA,,,14790,38
Campania,Italy,2022-11-10 19:32:59,40.83956555,14.25084984,2299733,11299,,,,39639.005310864486,,,0.4913179051655127,38015,ITA,,,41837,54
Emilia-Romagna,Italy,2022-11-10 19:32:59,44.49436681,11.3417208,1966155,18280,,,,44089.36294547545,,,0.9297334136932236,38008,ITA,,,59671,178
Friuli Venezia Giulia,Italy,2022-11-10 19:32:59,45.6494354,13.76813649,527913,5587,,,,43441.76363127664,,,1.0583183213900775,38006,ITA,,,20171,122
Lazio,Italy,2022-11-10 19:32:59,41.89277044,12.48366722,2177494,12237,,,,37037.9933465803,,,0.5619762901757709,38012,ITA,,,65527,102
Liguria,Italy,2022-11-10 19:32:59,44.41149315,8.9326992,606695,5628,,,,39125.45787545788,,,0.9276489834265982,38007,ITA,,,18309,38
Lombardia,Italy,2022-11-10 19:32:59,45.46679409,9.190347404,3797984,43188,,,,37751.16608654735,,,1.1371295929630034,38003,ITA,,,132859,496
Marche,Italy,2022-11-10 19:32:59,43.61675973,13.5188753,656096,4170,,,,43015.04453962608,,,0.6355777203336097,38011,ITA,,,18950,45
Molise,Italy,2022-11-10 19:32:59,41.55774754,14.65916051,94061,686,,,,30777.41094245412,,,0.7293139558371695,38014,ITA,,,2197,5
P.A. Bolzano,Italy,2022-11-10 19:32:59,46.49933453,11.35662422,282504,1575,,,,53070.53302725063,,,0.5575142298870105,38041,ITA,,,9624,19
P.A. Trento,Italy,2022-11-10 19:32:59,46.06893511,11.12123097,230403,1620,,,,42555.47469792286,,,0.7031158448457703,38042,ITA,,,8461,17
Piemonte,Italy,2022-11-10 19:32:59,45.0732745,7.680687483,1597214,13677,,,,36663.57084257069,,,0.8563035385364767,38001,ITA,,,65765,44
Puglia,Italy,2022-11-10 19:32:59,41.12559576,16.86736689,1522491,9175,,,,37787.81266962733,,,0.6026308201493473,38016,ITA,,,27820,57
Sardegna,Italy,2022-11-10 19:32:59,39.21531192,9.110616306,470683,2789,,,,28707.34225791676,,,0.5925431766178086,38020,ITA,,,13782,16
Sicilia,Italy,2022-11-10 19:32:59,38.11569725,13.3623567,1692614,12249,,,,33853.01799579231,,,0.7236735605400877,38019,ITA,,,27765,40
Toscana,Italy,2022-11-10 19:32:59,43.76923077,11.25588885,1474898,11005,,,,39545.30744379955,,,0.7461532933124867,38009,ITA,,,42011,157
Umbria,Italy,2022-11-10 19:32:59,43.10675841,12.38824698,403006,2192,,,,45691.51318288238,,,0.5439124975806812,38010,ITA,,,14617,48
Valle d'Aosta,Italy,2022-11-10 19:32:59,45.73750286,7.320149366,47777,555,,,,38019.03458373785,,,1.1616468175063317,38002,ITA,,,1759,3
Veneto,Italy,2022-11-10 19:32:59,45.43490485,12.33845213,2431724,15747,,,,49567.80205852029,,,0.6475652664529362,38005,ITA,,,90701,199
Aichi,Japan,2022-11-10 19:32:59,35.035551,137.211621,1453786,3007,,,,19249.73507856412,,,0.206839245941287,39201,JPN,,,66587,101
Akita,Japan,2022-11-10 19:32:59,39.748679,140.408228,121865,281,,,,12609.028546596446,,,0.230583022196693,39202,JPN,,,16325,40
Aomori,Japan,2022-11-10 19:32:59,40.781541,140.828896,181908,346,,,,14595.012239533817,,,0.1902060382171207,39203,JPN,,,14470,31
Chiba,Japan,2022-11-10 19:32:59,35.510141,140.198917,1009289,2682,,,,16124.419311682846,,,0.2657316189911908,39204,JPN,,,45195,68
Ehime,Japan,2022-11-10 19:32:59,33.624835,132.856842,178439,291,,,,13324.148848392528,,,0.1630809408257163,39205,JPN,,,12199,2
Fukui,Japan,2022-11-10 19:32:59,35.846614,136.224654,125508,104,,,,16343.52818004602,,,0.0828632437772891,39206,JPN,,,8287,4
Fukuoka,Japan,2022-11-10 19:32:59,33.526032,130.666949,1125804,2048,,,,22058.675712167635,,,0.1819144362606635,39207,JPN,,,33831,56
Fukushima,Japan,2022-11-10 19:32:59,37.378867,140.223295,222129,298,,,,12036.1264229737,,,0.1341562785588554,39208,JPN,,,27027,32
Gifu,Japan,2022-11-10 19:32:59,35.778671,137.055925,322221,639,,,,16219.828278348748,,,0.1983110970420922,39209,JPN,,,24010,40
Gunma,Japan,2022-11-10 19:32:59,36.504479,138.985605,265581,531,,,,13672.43324945327,,,0.1999390016605103,39210,JPN,,,21554,51
Hiroshima,Japan,2022-11-10 19:32:59,34.605309,132.788719,481927,796,,,,17186.040681454844,,,0.1651702436261093,39211,JPN,,,37734,20
Hokkaido,Japan,2022-11-10 19:32:59,43.385711,142.552318,906966,2841,,,,17275.381620247736,,,0.3132421722534251,39212,JPN,,,127770,182
Hyogo,Japan,2022-11-10 19:32:59,35.039913,134.828057,1063180,2936,,,,19450.110588911102,,,0.2761526740533118,39213,JPN,,,41392,44
Ibaraki,Japan,2022-11-10 19:32:59,36.303588,140.319591,398032,736,,,,13915.709048014776,,,0.1849097559995176,39214,JPN,,,24958,34
Ishikawa,Japan,2022-11-10 19:32:59,36.769464,136.771027,181072,299,,,,15916.332717736312,,,0.1651276840151983,39215,JPN,,,14348,14
Iwate,Japan,2022-11-10 19:32:59,39.593287,141.361777,128248,216,,,,10453.727372319892,,,0.1684236791217017,39216,JPN,,,15757,13
Kagawa,Japan,2022-11-10 19:32:59,34.217292,133.969047,156996,313,,,,16416.217126210464,,,0.1993681367678157,39217,JPN,,,11532,13
Kagoshima,Japan,2022-11-10 19:32:59,31.009484,130.430665,311561,553,,,,19444.93853419486,,,0.1774933319638851,39218,JPN,,,8072,5
Kanagawa,Japan,2022-11-10 19:32:59,35.415312,139.338983,1588106,3092,,,,17265.27211427195,,,0.1946973312864506,39219,JPN,,,72978,73
Kochi,Japan,2022-11-10 19:32:59,33.422519,133.367307,106535,312,,,,15262.259877454948,,,0.2928615009151922,39220,JPN,,,4386,10
Kumamoto,Japan,2022-11-10 19:32:59,32.608154,130.745231,350597,667,,,,20062.006206342878,,,0.190246921679307,39221,JPN,,,14611,13
Kyoto,Japan,2022-11-10 19:32:59,35.253815,135.443341,501001,1136,,,,19396.41271612342,,,0.226746054399093,39222,JPN,,,17263,36
Mie,Japan,2022-11-10 19:32:59,34.508018,136.376013,276651,557,,,,15534.493582393445,,,0.2013367021987992,39223,JPN,,,16681,16
Miyagi,Japan,2022-11-10 19:32:59,38.446859,140.927086,302252,443,,,,13105.124297325012,,,0.1465664412477006,39224,JPN,,,33041,37
Miyazaki,Japan,2022-11-10 19:32:59,32.193204,131.299374,206248,395,,,,19216.23104795393,,,0.1915170086497808,39225,JPN,,,7828,21
Nagano,Japan,2022-11-10 19:32:59,36.132134,138.045528,257090,383,,,,12548.382215844476,,,0.1489750670971255,39226,JPN,,,38076,31
Nagasaki,Japan,2022-11-10 19:32:59,33.235712,129.608033,225469,342,,,,16996.978569554714,,,0.1516838234968,39227,JPN,,,9629,8
Nara,Japan,2022-11-10 19:32:59,34.317451,135.871644,235852,564,,,,17731.593243632356,,,0.239133015619965,39228,JPN,,,11074,29
Niigata,Japan,2022-11-10 19:32:59,37.521819,138.918647,269060,186,,,,12102.886681966582,,,0.0691295621794395,39229,JPN,,,27008,19
Oita,Japan,2022-11-10 19:32:59,33.200697,131.43324,187787,404,,,,16538.786050091858,,,0.2151373630762512,39230,JPN,,,8676,10
Okayama,Japan,2022-11-10 19:32:59,34.89246,133.826252,302303,428,,,,15998.37213019148,,,0.1415798056916405,39231,JPN,,,20103,12
Okinawa,Japan,2022-11-10 19:32:59,25.768923,126.668016,512225,803,,,,35248.84941039164,,,0.1567670457318561,39232,JPN,,,7481,44
Osaka,Japan,2022-11-10 19:32:59,34.620965,135.507481,2201314,6655,,,,24988.34478724512,,,0.3023194328478354,39233,JPN,,,76475,122
Port Quarantine,Japan,2022-11-10 19:32:59,,,22118,8,,,,,,,0.0361696355909214,39248,JPN,,,0,0
Saga,Japan,2022-11-10 19:32:59,33.286977,130.115738,166735,243,,,,20465.53931394077,,,0.1457402464989354,39234,JPN,,,6803,15
Saitama,Japan,2022-11-10 19:32:59,35.997101,139.347635,1271781,2515,,,,17303.865617244148,,,0.1977541730848314,39235,JPN,,,59959,71
Shiga,Japan,2022-11-10 19:32:59,35.215827,136.138064,253252,371,,,,17911.04733359124,,,0.1464944008339519,39236,JPN,,,14431,34
Shimane,Japan,2022-11-10 19:32:59,35.07076,132.554064,94102,100,,,,13954.557452702322,,,0.1062676669996386,39237,JPN,,,8669,3
Shizuoka,Japan,2022-11-10 19:32:59,34.916975,138.407784,536007,784,,,,14711.2084770585,,,0.1462667465163701,39238,JPN,,,31170,23
Tochigi,Japan,2022-11-10 19:32:59,36.689912,139.819213,250187,539,,,,12936.3130109256,,,0.2154388517388993,39239,JPN,,,19480,29
Tokushima,Japan,2022-11-10 19:32:59,33.919178,134.242091,100670,189,,,,13828.733600100004,,,0.1877421277441144,39240,JPN,,,5314,13
Tokyo,Japan,2022-11-10 19:32:59,35.711343,139.446921,3335205,6043,,,,23958.6648997968,,,0.1811882627904431,39241,JPN,,,122267,112
Tottori,Japan,2022-11-10 19:32:59,35.359069,133.863619,72377,90,,,,13027.802677668218,,,0.1243488953673128,39242,JPN,,,6960,10
Toyama,Japan,2022-11-10 19:32:59,36.637464,137.269346,147390,191,,,,14124.55366640409,,,0.1295881674469095,39243,JPN,,,13745,6
Unknown,Japan,2022-11-10 19:32:59,,,173,0,,,,,,,0.0,39249,JPN,,,0,0
Wakayama,Japan,2022-11-10 19:32:59,33.911879,135.505446,147364,274,,,,15932.397265531665,,,0.185934149453055,39244,JPN,,,10924,18
Yamagata,Japan,2022-11-10 19:32:59,38.448396,140.102154,136189,228,,,,12637.403425551143,,,0.1674144020442179,39245,JPN,,,23727,29
Yamaguchi,Japan,2022-11-10 19:32:59,34.20119,131.573293,182217,408,,,,13414.72213060686,,,0.2239088559245295,39246,JPN,,,13948,13
Yamanashi,Japan,2022-11-10 19:32:59,35.612364,138.611489,108613,175,,,,13393.205056747838,,,0.1611225175623544,39247,JPN,,,9841,14
Johor,Malaysia,2022-11-10 19:32:59,1.4854,103.7618,395950,4655,,,,10507.669444297013,,,1.175653491602475,45801,MYS,,,1516,21
Kedah,Malaysia,2022-11-10 19:32:59,6.1184,100.3685,313005,2695,,,,14319.273525778855,,,0.8610086100861009,45802,MYS,,,2322,12
Kelantan,Malaysia,2022-11-10 19:32:59,6.1254,102.2381,256368,1422,,,,13548.673501744002,,,0.554671409848343,45803,MYS,,,1989,0
Melaka,Malaysia,2022-11-10 19:32:59,2.1896,102.2501,138600,1188,,,,14860.083628176262,,,0.8571428571428571,45804,MYS,,,2488,2
Negeri Sembilan,Malaysia,2022-11-10 19:32:59,2.7258,101.9424,227372,1518,,,,20084.091511350587,,,0.6676283799236493,45805,MYS,,,4165,8
Pahang,Malaysia,2022-11-10 19:32:59,3.8126,103.3256,179489,1015,,,,10702.343330749509,,,0.5654942642724624,45806,MYS,,,1510,3
Perak,Malaysia,2022-11-10 19:32:59,4.5921,101.0901,234857,2059,,,,9340.850336077636,,,0.876703696291786,45807,MYS,,,5388,14
Perlis,Malaysia,2022-11-10 19:32:59,6.4449,100.2048,18655,193,,,,7327.179890023566,,,1.0345751809166444,45808,MYS,,,145,1
Pulau Pinang,Malaysia,2022-11-10 19:32:59,5.4141,100.3288,302058,2036,,,,16992.461746174617,,,0.6740427335147554,45809,MYS,,,3533,6
Sabah,Malaysia,2022-11-10 19:32:59,5.9788,116.0753,401037,3174,,,,10270.622583040951,,,0.7914481706176737,45810,MYS,,,4473,8
Sarawak,Malaysia,2022-11-10 19:32:59,1.5533,110.3592,318208,1770,,,,11291.57943295128,,,0.5562399436846339,45811,MYS,,,1815,2
Selangor,Malaysia,2022-11-10 19:32:59,3.0738,101.5183,1513597,10887,,,,23136.96326755224,,,0.7192799668603994,45812,MYS,,,29159,25
Terengganu,Malaysia,2022-11-10 19:32:59,5.3117,103.1324,130761,884,,,,10460.043196544277,,,0.6760425509134986,45813,MYS,,,863,0
Unknown,Malaysia,2022-11-10 19:32:59,,,0,0,,,,,,,,45817,MYS,,,0,0
W.P. Kuala Lumpur,Malaysia,2022-11-10 19:32:59,3.139,101.6869,458638,2839,,,,25789.36122357175,,,0.6190067111752624,45814,MYS,,,16851,5
W.P. Labuan,Malaysia,2022-11-10 19:32:59,5.2831,115.2308,22409,157,,,,22544.26559356137,,,0.7006113615065376,45815,MYS,,,113,0
W.P. Putrajaya,Malaysia,2022-11-10 19:32:59,2.9264,101.6964,29452,30,,,,27943.074003795067,,,0.1018606546244737,45816,MYS,,,1554,0
Aguascalientes,Mexico,2022-11-10 19:32:59,21.8853,-102.2916,84625,3591,,,,5898.712913040599,,,4.2434268833087145,48401,MEX,,,21,1
Baja California,Mexico,2022-11-10 19:32:59,30.8406,-115.2838,165770,12424,,,,4560.550754525336,,,7.494721602219943,48402,MEX,,,791,6
Baja California Sur,Mexico,2022-11-10 19:32:59,26.0444,-111.6661,125086,2767,,,,15544.271959518235,,,2.2120780902738915,48403,MEX,,,284,1
Campeche,Mexico,2022-11-10 19:32:59,19.8301,-90.5349,43015,2282,,,,4298.847611023998,,,5.305126118795769,48404,MEX,,,127,2
Chiapas,Mexico,2022-11-10 19:32:59,16.7569,-93.1292,52877,2434,,,,922.7506719901186,,,4.603135578796074,48405,MEX,,,1444,0
Chihuahua,Mexico,2022-11-10 19:32:59,28.633,-106.0691,165676,10146,,,,4358.189308552153,,,6.124001062314397,48406,MEX,,,471,5
Ciudad de Mexico,Mexico,2022-11-10 19:32:59,19.4326,-99.1332,1748827,43609,,,,19391.238927799022,,,2.493614291179173,48407,MEX,,,6538,26
Coahuila,Mexico,2022-11-10 19:32:59,27.0587,-101.7068,180628,8964,,,,5611.795993438385,,,4.962685740859667,48408,MEX,,,174,3
Colima,Mexico,2022-11-10 19:32:59,19.1223,-104.0072,67425,2242,,,,8587.498232828506,,,3.325176121616611,48409,MEX,,,127,0
Durango,Mexico,2022-11-10 19:32:59,24.5593,-104.6588,79315,3674,,,,4243.722297961044,,,4.63216289478661,48410,MEX,,,-10,2
Guanajuato,Mexico,2022-11-10 19:32:59,21.019,-101.2574,351855,15103,,,,5649.407731799443,,,4.292393173324239,48411,MEX,,,120,27
Guerrero,Mexico,2022-11-10 19:32:59,17.4392,-99.5451,116070,6847,,,,3173.871384789043,,,5.899026449556303,48412,MEX,,,225,7
Hidalgo,Mexico,2022-11-10 19:32:59,20.0911,-98.7624,120474,8549,,,,3903.364875872129,,,7.096136925809718,48413,MEX,,,277,4
Jalisco,Mexico,2022-11-10 19:32:59,20.6595,-103.3494,284858,19993,,,,3387.258012866819,,,7.018584698340928,48414,MEX,,,323,8
Mexico,Mexico,2022-11-10 19:32:59,19.4969,-99.7233,703839,47922,,,,4038.6015668079535,,,6.80865936670176,48415,MEX,,,1119,22
Michoacan,Mexico,2022-11-10 19:32:59,19.5665,-101.7068,110017,8974,,,,2279.955593327891,,,8.156921203086796,48416,MEX,,,115,4
Morelos,Mexico,2022-11-10 19:32:59,18.6813,-99.1013,91582,5343,,,,4480.401241060675,,,5.834115874298443,48417,MEX,,,322,4
Nayarit,Mexico,2022-11-10 19:32:59,21.7514,-104.8455,72180,3246,,,,5601.553969474713,,,4.497090606816292,48418,MEX,,,77,2
Nuevo Leon,Mexico,2022-11-10 19:32:59,25.5922,-99.9962,400570,15343,,,,7140.090475250853,,,3.830291834136356,48419,MEX,,,-594,-9
Oaxaca,Mexico,2022-11-10 19:32:59,17.0732,-96.7266,149898,6347,,,,3617.585028259291,,,4.234212597899905,48420,MEX,,,181,6
Puebla,Mexico,2022-11-10 19:32:59,19.0414,-98.2063,208527,16661,,,,3157.370688343361,,,7.98985263299237,48421,MEX,,,325,3
Queretaro,Mexico,2022-11-10 19:32:59,20.5888,-100.3899,177374,6345,,,,7780.800188801989,,,3.5771871863971043,48422,MEX,,,172,3
Quintana Roo,Mexico,2022-11-10 19:32:59,19.1817,-88.4791,112052,4427,,,,6502.330758173902,,,3.9508442508835184,48423,MEX,,,266,1
San Luis Potosi,Mexico,2022-11-10 19:32:59,22.1565,-100.9855,241298,7610,,,,8418.912949881758,,,3.1537766579084785,48424,MEX,,,1177,10
Sinaloa,Mexico,2022-11-10 19:32:59,25.1721,-107.4795,176682,9915,,,,5597.093649835238,,,5.611777091044928,48425,MEX,,,471,3
Sonora,Mexico,2022-11-10 19:32:59,29.2972,-110.3309,195376,10298,,,,6354.217992061131,,,5.270862337236918,48426,MEX,,,-220,1
Tabasco,Mexico,2022-11-10 19:32:59,17.8409,-92.6189,213441,6129,,,,8297.71328005001,,,2.8715195299872094,48427,MEX,,,29,2
Tamaulipas,Mexico,2022-11-10 19:32:59,24.2669,-98.8363,177659,8201,,,,4866.567212750117,,,4.61614666298921,48428,MEX,,,553,13
Tlaxcala,Mexico,2022-11-10 19:32:59,19.3139,-98.2404,56526,3123,,,,4096.054306813497,,,5.5248912005095,48429,MEX,,,35,0
Unknown,Mexico,2022-11-10 19:32:59,,,0,0,,,,,,,,48433,MEX,,,0,0
Veracruz,Mexico,2022-11-10 19:32:59,19.1738,-96.1342,224658,17039,,,,2630.6982478171194,,,7.584417203037506,48430,MEX,,,443,7
Yucatan,Mexico,2022-11-10 19:32:59,20.7099,-89.0943,137280,6945,,,,6076.7616101647645,,,5.059003496503497,48431,MEX,,,452,2
Zacatecas,Mexico,2022-11-10 19:32:59,22.7709,-102.5832,79900,3925,,,,4794.692353575856,,,4.9123904881101375,48432,MEX,,,-23,1
Aruba,Netherlands,2022-11-10 19:32:59,12.5211,-69.9683,43423,234,,,,40671.18745668096,,,0.5388849227367984,533,ABW,,,-766,3
"Bonaire, Sint Eustatius and Saba",Netherlands,2022-11-10 19:32:59,12.1784,-68.2385,11490,38,,,,43819.839060295184,,,0.3307223672758921,535,BES,,,72,0
Curacao,Netherlands,2022-11-10 19:32:59,12.1696,-68.99,45507,293,,,,27731.26142595978,,,0.643856989034654,531,CUW,,,83,4
Drenthe,Netherlands,2022-11-10 19:32:59,52.862485,6.618435,214606,464,,,,43470.49315146187,,,0.2162101711974502,52801,NLD,,,1653,5
Flevoland,Netherlands,2022-11-10 19:32:59,52.550383,5.515162,194128,337,,,,45890.86593809764,,,0.173596802109948,52802,NLD,,,1158,1
Friesland,Netherlands,2022-11-10 19:32:59,53.087337,5.7925,290741,623,,,,44732.34383197658,,,0.2142800636993062,52803,NLD,,,1814,2
Gelderland,Netherlands,2022-11-10 19:32:59,52.061738,5.939114,1043129,2933,,,,50007.33478047433,,,0.2811732777058254,52804,NLD,,,7918,41
Groningen,Netherlands,2022-11-10 19:32:59,53.217922,6.741514,261958,365,,,,44712.95483950255,,,0.1393353132944975,52805,NLD,,,1711,2
Limburg,Netherlands,2022-11-10 19:32:59,51.209227,5.93387,560367,2200,,,,50158.11836903117,,,0.3925998497413302,52806,NLD,,,5533,12
Noord-Brabant,Netherlands,2022-11-10 19:32:59,51.561174,5.184942,1295578,3767,,,,50550.16572667097,,,0.2907582561605708,52807,NLD,,,9022,23
Noord-Holland,Netherlands,2022-11-10 19:32:59,52.600906,4.918688,1401653,3474,,,,48676.501383734205,,,0.2478502168511036,52808,NLD,,,9100,19
Overijssel,Netherlands,2022-11-10 19:32:59,52.444558,6.441722,594846,1454,,,,51173.68630237628,,,0.2444330129142669,52809,NLD,,,3484,5
Sint Maarten,Netherlands,2022-11-10 19:32:59,18.0425,-63.0548,10931,89,,,,25490.88195513269,,,0.8141981520446436,534,SXM,,,55,2
Unknown,Netherlands,2022-11-10 19:32:59,,,0,0,,,,,,,,52813,NLD,,,0,0
Utrecht,Netherlands,2022-11-10 19:32:59,52.084251,5.163824,701756,1565,,,,51796.45624482409,,,0.2230119870724297,52810,NLD,,,5161,8
Zeeland,Netherlands,2022-11-10 19:32:59,51.47936,3.861559,178493,401,,,,46544.61156542056,,,0.2246586700879026,52811,NLD,,,1442,5
Zuid-Holland,Netherlands,2022-11-10 19:32:59,51.937835,4.462114,1787992,5274,,,,48210.7996988699,,,0.2949677627192962,52812,NLD,,,12356,32
Cook Islands,New Zealand,2022-11-10 19:32:59,-21.2367,-159.7777,6389,1,,,,36594.30666132081,,,0.0156519017060572,184,COK,,,0,0
Niue,New Zealand,2022-11-10 19:32:59,-19.0544,-169.8672,85,0,,,,5151.515151515152,,,0.0,570,NIU,,,2,0
Azad Jammu and Kashmir,Pakistan,2022-11-10 19:32:59,34.027401,73.947253,44333,793,,,,1095.8958966877162,,,1.7887352536485237,58601,PAK,,,13,0
Balochistan,Pakistan,2022-11-10 19:32:59,28.328492,65.898403,36021,378,,,,291.80014140815825,,,1.049387857083368,58602,PAK,,,19,0
Gilgit-Baltistan,Pakistan,2022-11-10 19:32:59,35.792146,74.982138,12074,191,,,,1191.2184880582172,,,1.5819115454696042,58603,PAK,,,15,0
Islamabad,Pakistan,2022-11-10 19:32:59,33.665087,73.121219,139549,1031,,,,6954.597193621759,,,0.7388085905309246,58604,PAK,,,124,0
Khyber Pakhtunkhwa,Pakistan,2022-11-10 19:32:59,34.485332,72.09169,224553,6372,,,,735.6756237703889,,,2.837637439713564,58605,PAK,,,241,2
Punjab,Pakistan,2022-11-10 19:32:59,30.811346,72.139132,522826,13616,,,,475.2426093768557,,,2.6043081254566527,58606,PAK,,,583,2
Sindh,Pakistan,2022-11-10 19:32:59,26.009446,68.776807,595152,8248,,,,1242.8504492884576,,,1.3858644514342555,58607,PAK,,,735,6
Amazonas,Peru,2022-11-10 19:32:59,-5.077253,-78.050172,49866,1379,,,,11683.69259606373,,,2.7654113022901377,60401,PER,,,135,7
Ancash,Peru,2022-11-10 19:32:59,-9.407125,-77.671795,149164,7374,,,,12634.592580044044,,,4.943552063500577,60402,PER,,,367,10
Apurimac,Peru,2022-11-10 19:32:59,-14.027713,-72.975378,44382,1679,,,,10304.620385419084,,,3.7830652066152943,60403,PER,,,75,0
Arequipa,Peru,2022-11-10 19:32:59,-15.843524,-72.475539,269932,10629,,,,18026.71296914652,,,3.937658373219922,60404,PER,,,669,10
Ayacucho,Peru,2022-11-10 19:32:59,-14.091648,-74.08344,53783,2388,,,,8048.937443879078,,,4.440064704460517,60405,PER,,,99,4
Cajamarca,Peru,2022-11-10 19:32:59,-6.430284,-78.745596,109201,4562,,,,7511.935062254935,,,4.177617421085888,60406,PER,,,65,4
Callao,Peru,2022-11-10 19:32:59,-11.954609,-77.136042,160471,10656,,,,14202.230285866006,,,6.640452168927719,60407,PER,,,306,24
Cusco,Peru,2022-11-10 19:32:59,-13.191068,-72.153609,136131,5333,,,,10031.022032274705,,,3.917550006978572,60408,PER,,,480,5
Huancavelica,Peru,2022-11-10 19:32:59,-13.023888,-75.00277,28925,1316,,,,7918.149466192171,,,4.549697493517718,60409,PER,,,52,5
Huanuco,Peru,2022-11-10 19:32:59,-9.421676,-76.040642,58204,2963,,,,7655.399184532422,,,5.090715414748127,60410,PER,,,71,3
Ica,Peru,2022-11-10 19:32:59,-14.235097,-75.574821,118715,9058,,,,12173.400328137815,,,7.630038327085878,60411,PER,,,431,5
Junin,Peru,2022-11-10 19:32:59,-11.541783,-74.876968,146977,7664,,,,10795.22585383768,,,5.214421304013553,60412,PER,,,341,7
La Libertad,Peru,2022-11-10 19:32:59,-7.92139,-78.370238,169327,11045,,,,8395.825069416898,,,6.522881761325719,60413,PER,,,238,9
Lambayeque,Peru,2022-11-10 19:32:59,-6.353049,-79.824113,120206,9347,,,,9170.430271589868,,,7.775818178793072,60414,PER,,,173,5
Lima,Peru,2022-11-10 19:32:59,-11.766533,-76.604498,1924404,94891,,,,18106.07329350332,,,4.930929264333269,60415,PER,,,8185,183
Loreto,Peru,2022-11-10 19:32:59,-4.124847,-74.424115,63164,4424,,,,6146.74970805761,,,7.00398961433728,60416,PER,,,433,2
Madre de Dios,Peru,2022-11-10 19:32:59,-11.972699,-70.53172,20419,883,,,,11748.56156501726,,,4.324403741613203,60417,PER,,,20,2
Moquegua,Peru,2022-11-10 19:32:59,-16.860271,-70.839046,59594,1684,,,,30925.79138557343,,,2.825787830989697,60418,PER,,,105,1
Pasco,Peru,2022-11-10 19:32:59,-10.39655,-75.307635,27358,1140,,,,10061.787421846268,,,4.1669712698296655,60419,PER,,,37,
Piura,Peru,2022-11-10 19:32:59,-5.133361,-80.335861,173867,13260,,,,8489.599609375,,,7.626519120937268,60420,PER,,,334,10
Puno,Peru,2022-11-10 19:32:59,-14.995827,-69.922726,74876,4955,,,,6048.142164781906,,,6.617607778193279,60421,PER,,,195,8
San Martin,Peru,2022-11-10 19:32:59,-7.039531,-76.729127,67254,3228,,,,7475.989328590485,,,4.799714515121777,60422,PER,,,51,12
Tacna,Peru,2022-11-10 19:32:59,-17.644161,-70.27756,60705,2197,,,,16362.533692722373,,,3.6191417510913433,60423,PER,,,106,4
Tumbes,Peru,2022-11-10 19:32:59,-3.857496,-80.545255,31634,1730,,,,12578.131212723658,,,5.468799393058102,60424,PER,,,51,4
Ucayali,Peru,2022-11-10 19:32:59,-9.621718,-73.444929,43058,3295,,,,7309.1156000679,,,7.652468763063775,60425,PER,,,11,2
Unknown,Peru,2022-11-10 19:32:59,,,3570,49,,,,,,,1.3725490196078431,60426,PER,,,2717,-26
Adygea Republic,Russia,2022-11-10 19:32:59,44.6939006,40.1520421,54184,1021,,,,11951.22811970638,,,1.884320094492839,64301,RUS,,,333,6
Altai Krai,Russia,2022-11-10 19:32:59,52.6932243,82.6931424,311613,8827,,,,13259.67626633987,,,2.8326802797059174,64302,RUS,,,4507,36
Altai Republic,Russia,2022-11-10 19:32:59,50.7114101,86.8572186,39873,628,,,,18285.082751314985,,,1.5750006269906955,64303,RUS,,,249,1
Amur Oblast,Russia,2022-11-10 19:32:59,52.8032368,128.437295,124463,766,,,,15588.58451148763,,,0.615443947197159,64304,RUS,,,1697,1
Arkhangelsk Oblast,Russia,2022-11-10 19:32:59,63.5589686,43.1221646,268419,1785,,,,23239.17688575515,,,0.6650050853330055,64305,RUS,,,2742,10
Astrakhan Oblast,Russia,2022-11-10 19:32:59,47.1878186,47.608851,131982,3098,,,,12971.025460091949,,,2.3472897819399616,64306,RUS,,,334,6
Bashkortostan Republic,Russia,2022-11-10 19:32:59,54.8573563,57.1439682,332677,5903,,,,8187.374132261691,,,1.7743937813554889,64307,RUS,,,7564,46
Belgorod Oblast,Russia,2022-11-10 19:32:59,50.7080119,37.5837615,162777,2310,,,,10502.582142055237,,,1.41911940876168,64308,RUS,,,3247,17
Bryansk Oblast,Russia,2022-11-10 19:32:59,52.8873315,33.415853,183513,4116,,,,15154.065048035396,,,2.2428928740743164,64309,RUS,,,1118,21
Buryatia Republic,Russia,2022-11-10 19:32:59,52.7182426,109.492143,152308,3092,,,,15470.421356389112,,,2.0300969088951337,64310,RUS,,,873,17
Chechen Republic,Russia,2022-11-10 19:32:59,43.3976147,45.6985005,46461,1076,,,,3233.2369043153667,,,2.315920879877747,64311,RUS,,,80,0
Chelyabinsk Oblast,Russia,2022-11-10 19:32:59,54.4223954,61.1865846,390401,8104,,,,11176.55243175278,,,2.075814354983722,64312,RUS,,,6748,114
Chukotka Autonomous Okrug,Russia,2022-11-10 19:32:59,66.0006475,169.4900869,6715,44,,,,13607.441031044824,,,0.6552494415487714,64313,RUS,,,91,0
Chuvashia Republic,Russia,2022-11-10 19:32:59,55.4259922,47.0849429,102437,4690,,,,8320.655144880624,,,4.57842381170866,64314,RUS,,,1364,6
Dagestan Republic,Russia,2022-11-10 19:32:59,43.0574916,47.1332224,101963,3617,,,,3327.8990562635345,,,3.547365220717319,64315,RUS,,,246,1
Ingushetia Republic,Russia,2022-11-10 19:32:59,43.11542075,45.01713552,43282,553,,,,8868.480851072549,,,1.2776673906011735,64316,RUS,,,111,2
Irkutsk Oblast,Russia,2022-11-10 19:32:59,56.6370122,104.719221,351031,8611,,,,14600.77073615077,,,2.453059701279944,64317,RUS,,,4384,43
Ivanovo Oblast,Russia,2022-11-10 19:32:59,56.9167446,41.4352137,130095,3192,,,,12821.71318863919,,,2.453591606133979,64318,RUS,,,1610,17
Jewish Autonomous Okrug,Russia,2022-11-10 19:32:59,48.57527615,132.6630746,21998,561,,,,13577.838952189317,,,2.5502318392581143,64319,RUS,,,163,2
Kabardino-Balkarian Republic,Russia,2022-11-10 19:32:59,43.4806048,43.5978976,73140,1919,,,,8447.405258319204,,,2.6237353021602408,64320,RUS,,,462,4
Kaliningrad Oblast,Russia,2022-11-10 19:32:59,54.7293041,21.1489473,190568,1999,,,,19160.28469765202,,,1.048969396750766,64321,RUS,,,1805,21
Kalmykia Republic,Russia,2022-11-10 19:32:59,46.2313018,45.3275745,58891,843,,,,21382.79601906954,,,1.4314581175391825,64322,RUS,,,339,0
Kaluga Oblast,Russia,2022-11-10 19:32:59,54.4382773,35.5272854,120981,1453,,,,11953.982783561383,,,1.2010150354187847,64323,RUS,,,1087,0
Kamchatka Krai,Russia,2022-11-10 19:32:59,57.1914882,160.0383819,44334,625,,,,14049.442731424117,,,1.4097532367934318,64324,RUS,,,268,1
Karachay-Cherkess Republic,Russia,2022-11-10 19:32:59,43.7368326,41.7267991,50916,991,,,,10919.033679673175,,,1.946342996307644,64325,RUS,,,324,7
Karelia Republic,Russia,2022-11-10 19:32:59,62.6194031,33.4920267,160450,1526,,,,25775.76291117523,,,0.9510751012776566,64326,RUS,,,2000,0
Kemerovo Oblast,Russia,2022-11-10 19:32:59,54.5335781,87.342861,209663,2755,,,,7780.058236424148,,,1.3140134406166086,64327,RUS,,,3109,69
Khabarovsk Krai,Russia,2022-11-10 19:32:59,51.6312684,136.121524,223542,1564,,,,16829.15481569703,,,0.699644809476519,64328,RUS,,,1638,3
Khakassia Republic,Russia,2022-11-10 19:32:59,53.72258845,91.44293627,102224,2422,,,,19017.95863541905,,,2.3693066207544216,64329,RUS,,,949,2
Khanty-Mansi Autonomous Okrug,Russia,2022-11-10 19:32:59,61.0259025,69.0982628,250115,2592,,,,16323.455222180815,,,1.0363232912860083,64330,RUS,,,3718,5
Kirov Oblast,Russia,2022-11-10 19:32:59,57.9665589,49.4074599,164153,1083,,,,12792.093126918,,,0.6597503548518759,64331,RUS,,,1991,8
Komi Republic,Russia,2022-11-10 19:32:59,63.9881421,54.3326073,189940,3234,,,,22588.42893040923,,,1.7026429398757503,64332,RUS,,,2412,8
Kostroma Oblast,Russia,2022-11-10 19:32:59,58.424756,44.2533273,102144,1441,,,,15877.536047155088,,,1.4107534461152882,64333,RUS,,,1058,20
Krasnodar Krai,Russia,2022-11-10 19:32:59,45.7684014,39.0261044,340853,11097,,,,6082.945772403283,,,3.255655663878564,64334,RUS,,,3742,40
Krasnoyarsk Krai,Russia,2022-11-10 19:32:59,63.3233807,97.0979974,421853,11138,,,,14665.511557981808,,,2.640256202990141,64335,RUS,,,3872,70
Kurgan Oblast,Russia,2022-11-10 19:32:59,55.7655302,64.5632681,121683,1498,,,,14391.209373451427,,,1.2310676101016576,64336,RUS,,,2111,26
Kursk Oblast,Russia,2022-11-10 19:32:59,51.6568453,36.4852695,148486,2525,,,,13314.300009773708,,,1.7004970165537492,64337,RUS,,,1690,9
Leningrad Oblast,Russia,2022-11-10 19:32:59,60.1853296,32.3925325,236552,3499,,,,13041.6756716227,,,1.4791673712333864,64338,RUS,,,2347,2
Lipetsk Oblast,Russia,2022-11-10 19:32:59,52.6935178,39.1122664,174882,3923,,,,15204.472957335283,,,2.2432268615409248,64339,RUS,,,1415,39
Magadan Oblast,Russia,2022-11-10 19:32:59,62.48858785,153.9903764,21841,392,,,,15157.782234837709,,,1.7947896158600796,64340,RUS,,,381,1
Mari El Republic,Russia,2022-11-10 19:32:59,56.5767504,47.8817512,49269,1087,,,,7220.667914346807,,,2.206255454748422,64341,RUS,,,746,0
Mordovia Republic,Russia,2022-11-10 19:32:59,54.4419829,44.4661144,82127,1396,,,,10201.402138484777,,,1.699806397408891,64342,RUS,,,1166,0
Moscow,Russia,2022-11-10 19:32:59,55.7504461,37.6174943,3238252,46737,,,,25892.618123678083,,,1.443278657744981,64343,RUS,,,22084,404
Moscow Oblast,Russia,2022-11-10 19:32:59,55.5043158,38.0353929,1119642,15416,,,,14921.82528285567,,,1.3768686776666113,64344,RUS,,,6374,42
Murmansk Oblast,Russia,2022-11-10 19:32:59,68.0000418,33.9999151,144291,3389,,,,19147.98747805408,,,2.348725838756402,64345,RUS,,,956,15
Nenets Autonomous Okrug,Russia,2022-11-10 19:32:59,68.27557185,57.1686375,8240,103,,,,18728.5496738414,,,1.25,64346,RUS,,,53,1
Nizhny Novgorod Oblast,Russia,2022-11-10 19:32:59,55.4718033,44.0911594,496051,11756,,,,15335.055052133826,,,2.3699176092780783,64347,RUS,,,4774,36
North Ossetia - Alania Republic,Russia,2022-11-10 19:32:59,42.7933611,44.6324493,45599,1266,,,,6497.759221391776,,,2.7763766749270817,64348,RUS,,,353,1
Novgorod Oblast,Russia,2022-11-10 19:32:59,58.2843833,32.5169757,115896,1057,,,,19109.74218270797,,,0.912024573755781,64349,RUS,,,681,11
Novosibirsk Oblast,Russia,2022-11-10 19:32:59,54.9720169,79.4813924,305091,5731,,,,10939.67439613977,,,1.8784559360977544,64350,RUS,,,4888,9
Omsk Oblast,Russia,2022-11-10 19:32:59,56.0935263,73.5099936,229583,4515,,,,11712.934312408515,,,1.9666090259296205,64351,RUS,,,2003,20
Orel Oblast,Russia,2022-11-10 19:32:59,52.9685433,36.0692477,133634,1962,,,,17883.511074651353,,,1.468189233278956,64352,RUS,,,1371,8
Orenburg Oblast,Russia,2022-11-10 19:32:59,52.0269262,54.7276647,239915,4030,,,,12130.88809336003,,,1.6797615822270386,64353,RUS,,,1187,2
Penza Oblast,Russia,2022-11-10 19:32:59,53.1655415,44.7879181,218257,6134,,,,16389.905793918093,,,2.8104482330463627,64354,RUS,,,3049,40
Perm Krai,Russia,2022-11-10 19:32:59,58.5951603,56.3159546,445783,9078,,,,16994.367780072753,,,2.0364168216374336,64355,RUS,,,7269,83
Primorsky Krai,Russia,2022-11-10 19:32:59,45.0819456,134.726645,206256,1966,,,,10781.600146782315,,,0.9531843922116204,64356,RUS,,,1487,0
Pskov Oblast,Russia,2022-11-10 19:32:59,57.5358729,28.8586826,125274,1940,,,,19680.27448134149,,,1.5486054568386098,64357,RUS,,,910,16
Rostov Oblast,Russia,2022-11-10 19:32:59,47.6222451,40.7957942,436606,11071,,,,10345.005700811193,,,2.5356957989583284,64358,RUS,,,2320,35
Ryazan Oblast,Russia,2022-11-10 19:32:59,54.4226732,40.5705246,147968,3467,,,,13194.064240454973,,,2.343074178200692,64359,RUS,,,1205,18
Saint Petersburg,Russia,2022-11-10 19:32:59,59.9606739,30.1586551,1789586,35890,,,,33438.11163625866,,,2.0054917729575443,64360,RUS,,,14978,411
Sakha (Yakutiya) Republic,Russia,2022-11-10 19:32:59,66.941626,129.642371,213046,2138,,,,22092.644634098287,,,1.003539141781587,64361,RUS,,,1703,4
Sakhalin Oblast,Russia,2022-11-10 19:32:59,49.7219665,143.448533,68863,830,,,,14048.48413137188,,,1.2052916660616009,64362,RUS,,,656,1
Samara Oblast,Russia,2022-11-10 19:32:59,53.2128813,50.8914633,481267,8126,,,,15070.139038062773,,,1.6884598362239671,64363,RUS,,,8783,70
Saratov Oblast,Russia,2022-11-10 19:32:59,51.6520555,46.8631952,297390,6001,,,,12074.544753243064,,,2.017888967349272,64364,RUS,,,3738,0
Smolensk Oblast,Russia,2022-11-10 19:32:59,55.0343496,33.0192065,145519,3147,,,,15328.309534543709,,,2.1626041960156406,64365,RUS,,,738,29
Stavropol Krai,Russia,2022-11-10 19:32:59,44.8632577,43.4406913,242164,7122,,,,8646.632917647681,,,2.94098214433194,64366,RUS,,,2633,10
Sverdlovsk Oblast,Russia,2022-11-10 19:32:59,58.6414755,61.8021546,548407,10863,,,,12679.180145637622,,,1.9808281075916243,64367,RUS,,,15160,29
Tambov Oblast,Russia,2022-11-10 19:32:59,52.9019574,41.3578918,136746,2512,,,,13230.684087496324,,,1.836982434586752,64368,RUS,,,1274,24
Tatarstan Republic,Russia,2022-11-10 19:32:59,55.7648572,52.43104273,188701,2005,,,,4845.589073626885,,,1.062527490580336,64369,RUS,,,4545,1
Tomsk Oblast,Russia,2022-11-10 19:32:59,58.6124279,82.0475315,156404,926,,,,14504.952331490893,,,0.5920564691440117,64370,RUS,,,2258,15
Tula Oblast,Russia,2022-11-10 19:32:59,53.9570701,37.3690909,186475,5337,,,,12499.539164328971,,,2.862045850650221,64371,RUS,,,1310,19
Tver Oblast,Russia,2022-11-10 19:32:59,57.1134475,35.1744428,178724,2770,,,,13920.691532573705,,,1.549875786128332,64372,RUS,,,907,3
Tyumen Oblast,Russia,2022-11-10 19:32:59,58.8206488,70.3658837,249023,4359,,,,6744.204311558878,,,1.750440722342916,64373,RUS,,,4741,7
Tyva Republic,Russia,2022-11-10 19:32:59,51.4017149,93.8582593,52240,357,,,,16237.621300377345,,,0.6833843797856048,64374,RUS,,,55,0
Udmurt Republic,Russia,2022-11-10 19:32:59,57.1961165,52.6959832,223975,3935,,,,14802.94029783668,,,1.756892510324813,64375,RUS,,,7057,40
Ulyanovsk Oblast,Russia,2022-11-10 19:32:59,54.1463177,47.2324921,225154,4804,,,,18061.186345777136,,,2.133650745711824,64376,RUS,,,1093,15
Vladimir Oblast,Russia,2022-11-10 19:32:59,56.0503336,40.6561633,177099,3558,,,,12848.744537801713,,,2.009045787949113,64377,RUS,,,2233,17
Volgograd Oblast,Russia,2022-11-10 19:32:59,49.6048339,44.2903582,262444,6911,,,,10409.173767568484,,,2.6333236804804074,64378,RUS,,,1912,2
Vologda Oblast,Russia,2022-11-10 19:32:59,60.0391461,43.1215213,214569,3890,,,,18234.979676023147,,,1.8129366311070096,64379,RUS,,,2088,3
Voronezh Oblast,Russia,2022-11-10 19:32:59,50.9800393,40.1506507,466576,8562,,,,19992.389989064894,,,1.835070813758101,64380,RUS,,,4329,66
Yamalo-Nenets Autonomous Okrug,Russia,2022-11-10 19:32:59,67.1471631,74.3415488,148808,1050,,,,27631.385932889792,,,0.7056072254179883,64381,RUS,,,1205,5
Yaroslavl Oblast,Russia,2022-11-10 19:32:59,57.7781976,39.0021095,185904,2875,,,,14688.026395213972,,,1.5464971167914623,64382,RUS,,,4634,31
Zabaykalsky Krai,Russia,2022-11-10 19:32:59,52.248521,115.956325,187981,2367,,,,17522.36657885955,,,1.2591698097148116,64383,RUS,,,2139,8
Andalusia,Spain,2022-11-10 19:32:59,37.5443,-4.7278,1600401,14715,,,,18990.4365578728,,,0.9194570610740684,72401,ESP,,,9675,133
Aragon,Spain,2022-11-10 19:32:59,41.5976,-0.9057,461330,5300,,,,34933.7339635586,,,1.1488522315912688,72402,ESP,,,2942,61
Asturias,Spain,2022-11-10 19:32:59,43.3614,-5.8593,261004,3260,,,,25533.43018279112,,,1.249023003478874,72403,ESP,,,2743,49
Baleares,Spain,2022-11-10 19:32:59,39.710358,2.995148,311162,1587,,,,26187.238053559104,,,0.5100237175490581,72404,ESP,,,1414,26
C. Valenciana,Spain,2022-11-10 19:32:59,39.484,-0.7533,1563578,10102,,,,31428.899355955786,,,0.6460822549306783,72411,ESP,,,8326,56
Canarias,Spain,2022-11-10 19:32:59,28.2916,-16.6291,449226,2107,,,,20355.51209592093,,,0.4690289520196961,72405,ESP,,,3766,22
Cantabria,Spain,2022-11-10 19:32:59,43.1828,-3.9878,159847,964,,,,27482.072274822443,,,0.603076692086808,72406,ESP,,,1095,6
Castilla - La Mancha,Spain,2022-11-10 19:32:59,39.2796,-3.0977,600003,7925,,,,29485.95910219635,,,1.3208267291996874,72407,ESP,,,4242,55
Castilla y Leon,Spain,2022-11-10 19:32:59,41.8357,-4.3976,832146,9202,,,,34561.39032027222,,,1.1058155660184632,72408,ESP,,,7685,19
Catalonia,Spain,2022-11-10 19:32:59,41.5912,1.5209,2648073,20569,,,,34997.649486263734,,,0.7767535109492827,72409,ESP,,,11435,30
Ceuta,Spain,2022-11-10 19:32:59,35.8894,-5.3213,24303,188,,,,28649.400558771176,,,0.7735670493354729,72410,ESP,,,55,0
Extremadura,Spain,2022-11-10 19:32:59,39.4937,-6.0679,305800,2652,,,,28702.188049077176,,,0.8672334859385219,72412,ESP,,,1694,13
Galicia,Spain,2022-11-10 19:32:59,42.5751,-8.1339,735832,3932,,,,27248.586434586054,,,0.5343611041650812,72413,ESP,,,5752,24
La Rioja,Spain,2022-11-10 19:32:59,42.2871,-2.5396,109820,954,,,,35022.37132898132,,,0.8686942269167729,72419,ESP,,,696,5
Madrid,Spain,2022-11-10 19:32:59,40.4168,-3.7038,1945612,19977,,,,29294.11054393269,,,1.0267720388237738,72414,ESP,,,17300,162
Melilla,Spain,2022-11-10 19:32:59,35.2923,-2.9381,24922,168,,,,29427.67065380392,,,0.6741032019902095,72415,ESP,,,105,1
Murcia,Spain,2022-11-10 19:32:59,37.9922,-1.1307,459560,2476,,,,30891.40484101574,,,0.5387762207328749,72416,ESP,,,2410,22
Navarra,Spain,2022-11-10 19:32:59,42.6954,-1.6761,256126,1717,,,,39407.273835057065,,,0.6703731757025839,72417,ESP,,,486,6
Pais Vasco,Spain,2022-11-10 19:32:59,42.9896,-2.6189,780898,7444,,,,35855.87819347255,,,0.9532615015021167,72418,ESP,,,5881,81
Unknown,Spain,2022-11-10 19:32:59,,,0,0,,,,,,,,72420,ESP,,,0,0
Blekinge,Sweden,2022-11-10 19:32:59,56.2784,15.018,30902,186,,,,19361.42751525632,,,0.6019027894634651,75201,SWE,,,179,3
Dalarna,Sweden,2022-11-10 19:32:59,61.0917,14.6664,75528,547,,,,26228.09637248842,,,0.72423472089821,75202,SWE,,,638,20
Gavleborg,Sweden,2022-11-10 19:32:59,61.3012,16.1534,74866,759,,,,26051.040079058534,,,1.0138113429327065,75203,SWE,,,139,15
Gotland,Sweden,2022-11-10 19:32:59,57.4684,18.4867,11887,83,,,,19915.893174278724,,,0.6982417767308825,75204,SWE,,,28,3
Halland,Sweden,2022-11-10 19:32:59,56.8967,12.8034,109187,524,,,,32705.60254966332,,,0.4799106120692024,75205,SWE,,,671,26
Jamtland Harjedalen,Sweden,2022-11-10 19:32:59,63.1712,14.9592,34437,205,,,,26325.96896261754,,,0.5952899497633359,75206,SWE,,,209,13
Jonkoping,Sweden,2022-11-10 19:32:59,57.3708,14.3439,89934,761,,,,24734.391458722384,,,0.846176084684324,75207,SWE,,,546,31
Kalmar,Sweden,2022-11-10 19:32:59,57.235,16.1849,63090,391,,,,25704.228221278816,,,0.6197495641147567,75208,SWE,,,589,14
Kronoberg,Sweden,2022-11-10 19:32:59,56.7183,14.4115,51686,413,,,,25654.567203887447,,,0.7990558371706071,75209,SWE,,,407,3
Norrbotten,Sweden,2022-11-10 19:32:59,66.8309,20.3992,50986,478,,,,20386.81610440916,,,0.9375122582669752,75210,SWE,,,363,15
Orebro,Sweden,2022-11-10 19:32:59,59.535,15.0066,99485,532,,,,32638.90028050721,,,0.5347539830125144,75211,SWE,,,1172,9
Ostergotland,Sweden,2022-11-10 19:32:59,58.3454,15.5198,99006,900,,,,21268.9717397609,,,0.9090358160111508,75212,SWE,,,550,19
Skane,Sweden,2022-11-10 19:32:59,55.9903,13.5958,347424,2604,,,,25215.35722554428,,,0.7495164410058027,75213,SWE,,,1407,30
Sormland,Sweden,2022-11-10 19:32:59,59.0336,16.7519,68181,665,,,,22914.9021980238,,,0.975345037473783,75214,SWE,,,547,18
Stockholm,Sweden,2022-11-10 19:32:59,59.6025,18.1384,607732,5677,,,,25566.31431575113,,,0.93412885943146,75215,SWE,,,2088,131
Uppsala,Sweden,2022-11-10 19:32:59,60.0092,17.2715,94035,726,,,,24506.59737877007,,,0.7720529590046259,75216,SWE,,,539,10
Varmland,Sweden,2022-11-10 19:32:59,59.7294,13.2354,69520,418,,,,24616.34338241022,,,0.6012658227848101,75217,SWE,,,591,11
Vasterbotten,Sweden,2022-11-10 19:32:59,65.3337,16.5162,60533,396,,,,22276.40062413519,,,0.6541886243866981,75218,SWE,,,653,19
Vasternorrland,Sweden,2022-11-10 19:32:59,63.4276,17.7292,56509,687,,,,23032.27673458408,,,1.215735546550107,75219,SWE,,,519,15
Vastmanland,Sweden,2022-11-10 19:32:59,59.6714,16.2159,78731,537,,,,28541.75352099911,,,0.6820693246624583,75220,SWE,,,429,7
Vastra Gotaland,Sweden,2022-11-10 19:32:59,58.2528,13.0596,445029,3368,,,,25785.613260705693,,,0.7568046127331027,75221,SWE,,,1580,67
Alabama,US,2022-11-10 19:32:59,32.3182,-86.9023,1540329,20608,,,1,31414.866051352332,,,1.337895994946534,84000001,USA,,,8563,85
Alaska,US,2022-11-10 19:32:59,61.3707,-152.4044,298651,1413,,,2,40824.69294438483,,,0.4731274966432391,84000002,USA,,,-783,20
American Samoa,US,2022-11-10 19:32:59,-14.271,-170.132,8257,34,,,60,14839.776423860105,,,0.4117718299624561,16,ASM,,,7,0
Arizona,US,2022-11-10 19:32:59,33.7298,-111.4312,2300375,31613,,,4,31604.127485654408,,,1.37425419768516,84000004,USA,,,22740,158
Arkansas,US,2022-11-10 19:32:59,34.9697,-92.3731,962764,12523,,,5,31902.80084458765,,,1.3007341362992384,84000005,USA,,,7942,189
California,US,2022-11-10 19:32:59,36.1162,-119.6816,11411646,97089,,,6,28881.30591893045,,,0.8507887468643874,84000006,USA,,,81753,755
Colorado,US,2022-11-10 19:32:59,39.0598,-105.3111,1683848,13473,,,8,29239.88875336532,,,0.8001316033276162,84000008,USA,,,22203,119
Connecticut,US,2022-11-10 19:32:59,41.5978,-72.7554,916657,11527,,,9,25710.608991646397,,,1.257504170043975,84000009,USA,,,12969,125
Delaware,US,2022-11-10 19:32:59,39.3185,-75.5071,314553,3148,,,10,32302.796160055208,,,1.0007852412788942,84000010,USA,,,3854,27
Diamond Princess,US,2022-11-10 19:32:59,,,49,0,,,88888,,,,0.0,84088888,USA,,,0,0
District of Columbia,US,2022-11-10 19:32:59,38.8974,-77.0268,170041,1397,,,11,24093.69336690523,,,0.8215665633582488,84000011,USA,,,1281,5
Florida,US,2022-11-10 19:32:59,27.7663,-81.6868,7215992,82541,,,12,33597.54335384589,,,1.143862132884848,84000012,USA,,,43212,734
Georgia,US,2022-11-10 19:32:59,33.0406,-83.6431,2929434,40803,,,13,27590.819354187923,,,1.3928629216428838,84000013,USA,,,16052,355
Grand Princess,US,2022-11-10 19:32:59,,,103,3,,,99999,,,,2.912621359223301,84099999,USA,,,0,0
Guam,US,2022-11-10 19:32:59,13.4443,144.7937,58990,406,,,66,35919.35650829025,,,0.6882522461434142,316,GUM,,,292,3
Hawaii,US,2022-11-10 19:32:59,21.0943,-157.4983,364122,1716,,,15,25717.15522307101,,,0.4712706180895414,84000015,USA,,,5843,17
Idaho,US,2022-11-10 19:32:59,44.2405,-114.4788,502105,5237,,,16,28096.627710799552,,,1.0430089323946186,84000016,USA,,,4377,39
Illinois,US,2022-11-10 19:32:59,40.3495,-88.9861,3832738,40083,,,17,30246.1500995003,,,1.0458058964635726,84000017,USA,,,52755,281
Indiana,US,2022-11-10 19:32:59,39.8494,-86.2583,1948019,25013,,,18,28935.76397321596,,,1.284022383765251,84000018,USA,,,22374,265
Iowa,US,2022-11-10 19:32:59,42.0115,-93.2105,866615,10229,,,19,27467.377902867447,,,1.1803395971682926,84000019,USA,,,7113,104
Kansas,US,2022-11-10 19:32:59,38.5266,-96.7265,893300,9626,,,20,30662.67487816281,,,1.0775775215493115,84000020,USA,,,9818,36
Kentucky,US,2022-11-10 19:32:59,37.6681,-84.6701,1620429,17363,,,21,36270.08959697811,,,1.071506372695132,84000021,USA,,,22860,232
Louisiana,US,2022-11-10 19:32:59,31.1695,-91.8678,1465700,18217,,,22,31528.60720436311,,,1.2428873575765846,84000022,USA,,,6994,90
Maine,US,2022-11-10 19:32:59,44.6939,-69.3819,299321,2711,,,23,22267.3953215713,,,0.9057166052498822,84000023,USA,,,6516,90
Maryland,US,2022-11-10 19:32:59,39.0639,-76.8021,1276558,15613,,,24,21115.20953805031,,,1.2230544949779014,84000024,USA,,,17850,148
Massachusetts,US,2022-11-10 19:32:59,42.2302,-71.5301,2092838,22106,,,25,30363.97662793908,,,1.0562690471025469,84000025,USA,,,31954,335
Michigan,US,2022-11-10 19:32:59,43.3266,-84.5361,2907819,39574,,,26,29116.45776043454,,,1.3609512834189472,84000026,USA,,,46224,655
Minnesota,US,2022-11-10 19:32:59,45.6945,-93.9002,1696286,13931,,,27,30077.95544106424,,,0.8212648102973201,84000027,USA,,,20321,178
Mississippi,US,2022-11-10 19:32:59,32.7416,-89.6787,935770,13005,,,28,31442.31018003467,,,1.3897645789029356,84000028,USA,,,5332,60
Missouri,US,2022-11-10 19:32:59,38.4561,-92.2884,1684484,21937,,,29,27446.08979526929,,,1.3022979143761533,84000029,USA,,,20058,166
Montana,US,2022-11-10 19:32:59,46.9219,-110.4544,315421,3577,,,30,29512.30283557484,,,1.134039902225914,84000030,USA,,,3591,22
Nebraska,US,2022-11-10 19:32:59,41.1254,-98.2681,535394,4562,,,31,27677.40828201703,,,0.8520827652158971,84000031,USA,,,-3523,11
Nevada,US,2022-11-10 19:32:59,38.3135,-117.0554,857473,11580,,,32,27838.622459381928,,,1.3504798401815568,84000032,USA,,,7728,49
New Hampshire,US,2022-11-10 19:32:59,43.4525,-71.5639,358819,2782,,,33,26389.35773851944,,,0.7753212622519989,84000033,USA,,,5944,69
New Jersey,US,2022-11-10 19:32:59,40.2989,-74.521,2815780,34972,,,34,31701.41597961764,,,1.242000440375313,84000034,USA,,,50305,153
New Mexico,US,2022-11-10 19:32:59,34.8405,-106.2485,633631,8675,,,35,30218.53474937632,,,1.3690933682221986,84000035,USA,,,12148,76
New York,US,2022-11-10 19:32:59,42.1657,-74.9481,6294272,73434,,,36,32355.37185197096,,,1.166679800300972,84000036,USA,,,121498,1312
North Carolina,US,2022-11-10 19:32:59,35.6301,-79.8064,3255540,27264,,,37,31040.369241893943,,,0.8374647523913084,84000037,USA,,,34648,373
North Dakota,US,2022-11-10 19:32:59,47.5289,-99.784,273779,2232,,,38,35926.07950534209,,,0.8152561007235763,84000038,USA,,,2727,-151
Northern Mariana Islands,US,2022-11-10 19:32:59,15.0979,145.6739,13212,41,,,69,23959.08893079936,,,0.3103239479261278,580,MNP,,,41,1
Ohio,US,2022-11-10 19:32:59,40.3888,-82.7649,3208168,40298,,,39,27445.80848824974,,,1.256106288698098,84000039,USA,,,43557,71
Oklahoma,US,2022-11-10 19:32:59,35.5653,-96.9289,1214599,17168,,,40,30695.170624197144,,,1.413470618698023,84000040,USA,,,9556,173
Oregon,US,2022-11-10 19:32:59,44.572,-122.0709,913809,8743,,,41,21665.86015201991,,,0.9567644879838128,84000041,USA,,,8374,104
Pennsylvania,US,2022-11-10 19:32:59,40.5908,-77.2098,3330062,47994,,,42,26012.067343597937,,,1.4412344274671165,84000042,USA,,,49872,552
Puerto Rico,US,2022-11-10 19:32:59,18.2208,-66.5901,991902,5291,,,72,31058.14144999489,,,0.533419632181405,630,PRI,,,25497,92
Rhode Island,US,2022-11-10 19:32:59,41.6809,-71.5118,434653,3725,,,44,41029.733962265935,,,0.8570054733316002,84000044,USA,,,6106,31
South Carolina,US,2022-11-10 19:32:59,33.8569,-80.945,1729333,18660,,,45,33587.668687753874,,,1.0790287353563484,84000045,USA,,,13899,192
South Dakota,US,2022-11-10 19:32:59,44.2998,-99.4388,265890,3078,,,46,30055.64856063184,,,1.15762157283087,84000046,USA,,,3053,32
Tennessee,US,2022-11-10 19:32:59,35.7478,-86.6923,2371639,28196,,,47,34728.050566583894,,,1.1888824563940803,84000047,USA,,,21779,197
Texas,US,2022-11-10 19:32:59,31.0545,-97.5635,8056280,91255,,,48,27784.22217969511,,,1.1327188230796348,84000048,USA,,,47345,260
Utah,US,2022-11-10 19:32:59,40.15,-111.8624,1047882,5065,,,49,32685.45626611453,,,0.4833559503837264,84000049,USA,,,7735,37
Vermont,US,2022-11-10 19:32:59,44.0459,-72.7107,145838,763,,,50,23371.886363381407,,,0.5231832581357396,84000050,USA,,,2155,31
Virgin Islands,US,2022-11-10 19:32:59,18.3358,-64.8963,23435,124,,,78,21847.149196405266,,,0.5291231064646895,850,VIR,,,202,1
Virginia,US,2022-11-10 19:32:59,37.7693,-78.17,2130749,22232,,,51,24963.32091815389,,,1.0433889679169157,84000051,USA,,,29031,230
Washington,US,2022-11-10 19:32:59,47.4009,-121.4905,1843908,14653,,,53,24214.49651360827,,,0.7946708837968055,84000053,USA,,,18056,223
West Virginia,US,2022-11-10 19:32:59,38.4912,-80.9545,610675,7538,,,54,34075.05076313495,,,1.234371801694846,84000054,USA,,,6849,83
Wisconsin,US,2022-11-10 19:32:59,44.2685,-89.6165,1908296,15517,,,55,32774.88418073953,,,0.8131338115260944,84000055,USA,,,28828,187
Wyoming,US,2022-11-10 19:32:59,42.756,-107.3025,179366,1917,,,56,30991.48350176844,,,1.0687644258109117,84000056,USA,,,1731,13
Cherkasy Oblast,Ukraine,2022-11-10 19:32:59,49.4444,32.0598,163768,2973,,,,13575.48507855508,,,1.8153729666357288,80401,UKR,,,0,0
Chernihiv Oblast,Ukraine,2022-11-10 19:32:59,51.4982,31.2893,126202,2751,,,,12548.111101720617,,,2.179838671336429,80402,UKR,,,0,0
Chernivtsi Oblast,Ukraine,2022-11-10 19:32:59,48.2917,25.9352,150465,3290,,,,16637.47520384266,,,2.186555012793673,80403,UKR,,,0,0
Crimea Republic*,Ukraine,2022-11-10 19:32:59,45.2835,34.2008,209202,5405,,,,10931.630412006703,,,2.5836273075783214,80404,UKR,,,1119,12
Dnipropetrovsk Oblast,Ukraine,2022-11-10 19:32:59,48.4647,35.0462,303551,9454,,,,9466.807340267838,,,3.11446840893293,80405,UKR,,,0,0
Donetsk Oblast,Ukraine,2022-11-10 19:32:59,48.0159,37.8028,216052,5607,,,,5186.201016298755,,,2.595208560902005,80406,UKR,,,0,0
Ivano-Frankivsk Oblast,Ukraine,2022-11-10 19:32:59,48.9226,24.7111,181629,3476,,,,13226.195920340911,,,1.9137912998474915,80407,UKR,,,0,0
Kharkiv Oblast,Ukraine,2022-11-10 19:32:59,49.9935,36.2304,305661,6858,,,,11424.02558231842,,,2.243662096243878,80408,UKR,,,0,0
Kherson Oblast,Ukraine,2022-11-10 19:32:59,46.6354,32.6169,107686,2881,,,,10377.97309278748,,,2.675370986014895,80409,UKR,,,0,0
Khmelnytskyi Oblast,Ukraine,2022-11-10 19:32:59,49.423,26.9871,201270,3703,,,,15914.3831960813,,,1.839817161027476,80410,UKR,,,0,0
Kiev,Ukraine,2022-11-10 19:32:59,50.4501,30.5234,445098,8966,,,,15083.977226514844,,,2.014387842677343,80411,UKR,,,0,0
Kiev Oblast,Ukraine,2022-11-10 19:32:59,50.053,30.7667,226220,5019,,,,12795.683111417808,,,2.218636725311644,80412,UKR,,,0,0
Kirovohrad Oblast,Ukraine,2022-11-10 19:32:59,48.5079,32.2623,45117,1741,,,,4771.513692045573,,,3.858855863643416,80413,UKR,,,0,0
Luhansk Oblast,Ukraine,2022-11-10 19:32:59,48.574,39.3078,80033,2392,,,,3719.294201734057,,,2.9887671335574075,80414,UKR,,,0,0
Lviv Oblast,Ukraine,2022-11-10 19:32:59,49.8397,24.0297,303357,6569,,,,12028.329661013924,,,2.165435444047772,80415,UKR,,,0,0
Mykolaiv Oblast,Ukraine,2022-11-10 19:32:59,46.975,31.9946,146174,3530,,,,5795.907329875525,,,2.414930151736971,80416,UKR,,,0,0
Odessa Oblast,Ukraine,2022-11-10 19:32:59,46.4846,30.7326,325462,5917,,,,13673.104488998904,,,1.8180309836478603,80417,UKR,,,0,0
Poltava Oblast,Ukraine,2022-11-10 19:32:59,49.5883,34.5514,179994,4181,,,,12852.684051215369,,,2.322855206284654,80418,UKR,,,0,0
Rivne Oblast,Ukraine,2022-11-10 19:32:59,50.6199,26.2516,171031,2530,,,,14778.437070390504,,,1.4792639930772784,80419,UKR,,,0,0
Sevastopol*,Ukraine,2022-11-10 19:32:59,44.6054,33.522,96116,2481,,,,21686.284862063443,,,2.5812559823546546,80420,UKR,,,980,21
Sumy Oblast,Ukraine,2022-11-10 19:32:59,50.9077,34.7981,182268,3208,,,,16854.53728345561,,,1.760045647069151,80421,UKR,,,0,0
Ternopil Oblast,Ukraine,2022-11-10 19:32:59,49.5535,25.5948,146363,2391,,,,13994.257461905248,,,1.6336095871224283,80422,UKR,,,0,0
Unknown,Ukraine,2022-11-10 19:32:59,,,503008,4681,,,,,,,0.9306015013677716,80428,UKR,,,135415,980
Vinnytsia Oblast,Ukraine,2022-11-10 19:32:59,49.2331,28.4682,149845,3546,,,,9603.023338977207,,,2.366445326837732,80423,UKR,,,0,0
Volyn Oblast,Ukraine,2022-11-10 19:32:59,50.7472,25.3254,132045,2394,,,,12753.90455217177,,,1.8130182892195843,80424,UKR,,,0,0
Zakarpattia Oblast,Ukraine,2022-11-10 19:32:59,48.6208,22.2879,112462,2724,,,,8948.267109695878,,,2.4221514822784584,80425,UKR,,,0,0
Zaporizhia Oblast,Ukraine,2022-11-10 19:32:59,47.8388,35.1396,215070,5866,,,,12607.894311059212,,,2.727484074952341,80426,UKR,,,0,0
Zhytomyr Oblast,Ukraine,2022-11-10 19:32:59,50.2547,28.6587,192801,3538,,,,15800.861011331814,,,1.8350527227555875,80427,UKR,,,0,0
Anguilla,United Kingdom,2022-11-10 19:32:59,18.2206,-63.0686,3904,12,,,,26023.19690707905,,,0.3073770491803279,660,AIA,,,38,0
Bermuda,United Kingdom,2022-11-10 19:32:59,32.3078,-64.7505,18428,149,,,,29592.2791579015,,,0.8085522031690905,60,BMU,,,208,1
British Virgin Islands,United Kingdom,2022-11-10 19:32:59,18.4207,-64.64,7305,64,,,,24159.142772100407,,,0.8761122518822724,92,VGB,,,0,0
Cayman Islands,United Kingdom,2022-11-10 19:32:59,19.3133,-81.2546,31194,36,,,,47465.003043213634,,,0.1154068090017311,136,CYM,,,287,1
Channel Islands,United Kingdom,2022-11-10 19:32:59,49.3723,-2.3644,0,0,,,,0.0,,,,8261,GBR,,,0,0
England,United Kingdom,2022-11-10 19:32:59,52.3555,-1.1743,20206637,177885,,,,36097.977390794826,,,0.8803295669635675,82601,GBR,,,178970,634
Falkland Islands (Malvinas),United Kingdom,2022-11-10 19:32:59,-51.7963,-59.5236,1930,0,,,,55412.00114843526,,,0.0,238,FLK,,,0,0
Gibraltar,United Kingdom,2022-11-10 19:32:59,36.1408,-5.3536,20121,108,,,,59722.18099789261,,,0.5367526464887431,292,GIB,,,26,0
Guernsey,United Kingdom,2022-11-10 19:32:59,49.448196,-2.58949,32562,65,,,,51685.71428571428,,,0.1996191880105644,831,GGY,,,726,2
Isle of Man,United Kingdom,2022-11-10 19:32:59,54.2361,-4.5481,38008,116,,,,44698.46645968576,,,0.3051989054935803,833,IMN,,,0,0
Jersey,United Kingdom,2022-11-10 19:32:59,49.2138,-2.1358,62014,141,,,,56737.41994510521,,,0.2273680136743316,832,JEY,,,1368,0
Montserrat,United Kingdom,2022-11-10 19:32:59,16.742498,-62.187366,1403,8,,,,28065.613122624523,,,0.5702066999287242,500,MSR,,,0,0
Northern Ireland,United Kingdom,2022-11-10 19:32:59,54.7877,-6.4923,713294,4898,,,,37908.90731292517,,,0.686673377317067,82602,GBR,,,0,5
Pitcairn Islands,United Kingdom,2022-11-10 19:32:59,-24.3768,-128.3242,4,0,,,,5970.149253731343,,,0.0,612,PCN,,,0,0
"Saint Helena, Ascension and Tristan da Cunha",United Kingdom,2022-11-10 19:32:59,-7.9467,-14.3559,2115,0,,,,37360.89030206677,,,0.0,654,SHN,,,142,0
Scotland,United Kingdom,2022-11-10 19:32:59,56.4907,-4.2026,2121084,15905,,,,38824.22711547965,,,0.7498524339441531,82603,GBR,,,13198,36
Turks and Caicos Islands,United Kingdom,2022-11-10 19:32:59,21.694,-71.7979,6431,36,,,,16609.845549873444,,,0.5597885243352512,796,TCA,,,51,0
Unknown,United Kingdom,2022-11-10 19:32:59,,,0,322,,,,,,,,82605,GBR,,,0,2
Wales,United Kingdom,2022-11-10 19:32:59,52.1307,-3.7837,889022,10937,,,,28325.43172114956,,,1.230228273316071,82604,GBR,,,2596,33
